Beijing,1994-W-WT-CHN-01A-1994,R32,2203,665,00.00.0000-00.00.0000,WTA,1994,3. Runde,26357,84320
Beijing,1994-W-WT-CHN-01A-1994,R16,2203,665,00.00.0000-00.00.0000,WTA,1994,Achtelfinale,26357,84321
Beijing,1994-W-WT-CHN-01A-1994,QF,2203,665,00.00.0000-00.00.0000,WTA,1994,Viertelfinale,26357,84322
Beijing,1994-W-WT-CHN-01A-1994,SF,2203,665,00.00.0000-00.00.0000,WTA,1994,Halbfinale,26357,84323
Beijing,1994-W-WT-CHN-01A-1994,F,2203,665,00.00.0000-00.00.0000,WTA,1994,Finale,26357,84324
Beijing,1995-W-WT-CHN-01A-1995,R32,2204,665,00.00.0000-00.00.0000,WTA,1995,3. Runde,26358,84325
Beijing,1995-W-WT-CHN-01A-1995,R16,2204,665,00.00.0000-00.00.0000,WTA,1995,Achtelfinale,26358,84326
Beijing,1995-W-WT-CHN-01A-1995,QF,2204,665,00.00.0000-00.00.0000,WTA,1995,Viertelfinale,26358,84327
Beijing,1995-W-WT-CHN-01A-1995,SF,2204,665,00.00.0000-00.00.0000,WTA,1995,Halbfinale,26358,84328
Beijing,1995-W-WT-CHN-01A-1995,F,2204,665,00.00.0000-00.00.0000,WTA,1995,Finale,26358,84329
Beijing,1996-W-WT-CHN-01A-1996,R32,2205,665,00.00.0000-00.00.0000,WTA,1996,3. Runde,26359,84330
Beijing,1996-W-WT-CHN-01A-1996,R16,2205,665,00.00.0000-00.00.0000,WTA,1996,Achtelfinale,26359,84331
Beijing,1996-W-WT-CHN-01A-1996,QF,2205,665,00.00.0000-00.00.0000,WTA,1996,Viertelfinale,26359,84332
Beijing,1996-W-WT-CHN-01A-1996,SF,2205,665,00.00.0000-00.00.0000,WTA,1996,Halbfinale,26359,84333
Beijing,1996-W-WT-CHN-01A-1996,F,2205,665,00.00.0000-00.00.0000,WTA,1996,Finale,26359,84334
Beijing,2004-W-T2-CHN-01A-2004,R32,2213,665,00.00.0000-00.00.0000,WTA,2004,3. Runde,26360,84335
Beijing,2004-W-T2-CHN-01A-2004,R16,2213,665,00.00.0000-00.00.0000,WTA,2004,Achtelfinale,26360,84336
Beijing,2004-W-T2-CHN-01A-2004,QF,2213,665,00.00.0000-00.00.0000,WTA,2004,Viertelfinale,26360,84337
Beijing,2004-W-T2-CHN-01A-2004,SF,2213,665,00.00.0000-00.00.0000,WTA,2004,Halbfinale,26360,84338
Beijing,2004-W-T2-CHN-01A-2004,F,2213,665,00.00.0000-00.00.0000,WTA,2004,Finale,26360,84339
Beijing,2005-W-T2-CHN-01A-2005,R32,2214,665,00.00.0000-00.00.0000,WTA,2005,3. Runde,26361,84340
Beijing,2005-W-T2-CHN-01A-2005,R16,2214,665,00.00.0000-00.00.0000,WTA,2005,Achtelfinale,26361,84341
Beijing,2005-W-T2-CHN-01A-2005,QF,2214,665,00.00.0000-00.00.0000,WTA,2005,Viertelfinale,26361,84342
Beijing,2005-W-T2-CHN-01A-2005,SF,2214,665,00.00.0000-00.00.0000,WTA,2005,Halbfinale,26361,84343
Beijing,2005-W-T2-CHN-01A-2005,F,2214,665,00.00.0000-00.00.0000,WTA,2005,Finale,26361,84344
Beijing,2006-W-T2-CHN-01A-2006,R32,2215,665,00.00.0000-00.00.0000,WTA,2006,3. Runde,26362,84345
Beijing,2006-W-T2-CHN-01A-2006,R16,2215,665,00.00.0000-00.00.0000,WTA,2006,Achtelfinale,26362,84346
Beijing,2006-W-T2-CHN-01A-2006,QF,2215,665,00.00.0000-00.00.0000,WTA,2006,Viertelfinale,26362,84347
Beijing,2006-W-T2-CHN-01A-2006,SF,2215,665,00.00.0000-00.00.0000,WTA,2006,Halbfinale,26362,84348
Beijing,2006-W-T2-CHN-01A-2006,F,2215,665,00.00.0000-00.00.0000,WTA,2006,Finale,26362,84349
Beijing,2007-W-T2-CHN-01A-2007,R32,2216,665,00.00.0000-00.00.0000,WTA,2007,3. Runde,26363,84350
Beijing,2007-W-T2-CHN-01A-2007,R16,2216,665,00.00.0000-00.00.0000,WTA,2007,Achtelfinale,26363,84351
Beijing,2007-W-T2-CHN-01A-2007,QF,2216,665,00.00.0000-00.00.0000,WTA,2007,Viertelfinale,26363,84352
Beijing,2007-W-T2-CHN-01A-2007,SF,2216,665,00.00.0000-00.00.0000,WTA,2007,Halbfinale,26363,84353
Beijing,2007-W-T2-CHN-01A-2007,F,2216,665,00.00.0000-00.00.0000,WTA,2007,Finale,26363,84354
Beijing,2008-W-T2-CHN-01A-2008,R32,2217,665,00.00.0000-00.00.0000,WTA,2008,3. Runde,697,84355
Beijing,2008-W-T2-CHN-01A-2008,R16,2217,665,00.00.0000-00.00.0000,WTA,2008,Achtelfinale,697,84356
Beijing,2008-W-T2-CHN-01A-2008,SF,2217,665,00.00.0000-00.00.0000,WTA,2008,Halbfinale,697,84357
Beijing,2008-W-T2-CHN-01A-2008,QF,2217,665,00.00.0000-00.00.0000,WTA,2008,Viertelfinale,697,84358
Beijing,2008-W-T2-CHN-01A-2008,F,2217,665,00.00.0000-00.00.0000,WTA,2008,Finale,697,84359
Beijing,2009-W-PM-CHN-01A-2009,R64,74,665,00.00.0000-00.00.0000,WTA,2009,2. Runde,1257,84360
Beijing,2009-W-PM-CHN-01A-2009,R32,74,665,00.00.0000-00.00.0000,WTA,2009,3. Runde,1257,84361
Beijing,2009-W-PM-CHN-01A-2009,R16,74,665,00.00.0000-00.00.0000,WTA,2009,Achtelfinale,1257,84362
Beijing,2009-W-PM-CHN-01A-2009,QF,74,665,00.00.0000-00.00.0000,WTA,2009,Viertelfinale,1257,84363
Beijing,2009-W-PM-CHN-01A-2009,SF,74,665,00.00.0000-00.00.0000,WTA,2009,Halbfinale,1257,84364
Beijing,2009-W-PM-CHN-01A-2009,F,74,665,00.00.0000-00.00.0000,WTA,2009,Finale,1257,84365
Beijing,2010-W-PM-CHN-01A-2010,R64,120,665,00.00.0000-00.00.0000,WTA,2010,2. Runde,2147,84366
Beijing,2010-W-PM-CHN-01A-2010,R32,120,665,00.00.0000-00.00.0000,WTA,2010,3. Runde,2147,84367
Beijing,2010-W-PM-CHN-01A-2010,R16,120,665,00.00.0000-00.00.0000,WTA,2010,Achtelfinale,2147,20380
Beijing,2010-W-PM-CHN-01A-2010,QF,120,665,00.00.0000-00.00.0000,WTA,2010,Viertelfinale,2147,20397
Beijing,2010-W-PM-CHN-01A-2010,SF,120,665,00.00.0000-00.00.0000,WTA,2010,Halbfinale,2147,20413
Beijing,2010-W-PM-CHN-01A-2010,F,120,665,00.00.0000-00.00.0000,WTA,2010,Finale,2147,20439
Canadian Open,1978-W-WT-CAN-01A-1978,R32,2187,1049,00.00.0000-00.00.0000,WTA,1978,3. Runde,26367,84372
Canadian Open,1978-W-WT-CAN-01A-1978,R16,2187,1049,00.00.0000-00.00.0000,WTA,1978,Achtelfinale,26367,84373
Canadian Open,1978-W-WT-CAN-01A-1978,QF,2187,1049,00.00.0000-00.00.0000,WTA,1978,Viertelfinale,26367,84374
Canadian Open,1978-W-WT-CAN-01A-1978,SF,2187,1049,00.00.0000-00.00.0000,WTA,1978,Halbfinale,26367,84375
Canadian Open,1978-W-WT-CAN-01A-1978,F,2187,1049,00.00.0000-00.00.0000,WTA,1978,Finale,26367,84376
Canadian Open,1978-W-WT-CAN-02A-1978,R32,2187,1049,00.00.0000-00.00.0000,WTA,1978,3. Runde,26367,84372
Canadian Open,1978-W-WT-CAN-02A-1978,R16,2187,1049,00.00.0000-00.00.0000,WTA,1978,Achtelfinale,26367,84373
Canadian Open,1978-W-WT-CAN-02A-1978,QF,2187,1049,00.00.0000-00.00.0000,WTA,1978,Viertelfinale,26367,84374
Canadian Open,1978-W-WT-CAN-02A-1978,SF,2187,1049,00.00.0000-00.00.0000,WTA,1978,Halbfinale,26367,84375
Canadian Open,1978-W-WT-CAN-02A-1978,F,2187,1049,00.00.0000-00.00.0000,WTA,1978,Finale,26367,84376
Canadian Open,1980-W-WT-CAN-02A-1980,R64,2189,1049,00.00.0000-00.00.0000,WTA,1980,2. Runde,26368,84382
Canadian Open,1980-W-WT-CAN-02A-1980,R32,2189,1049,00.00.0000-00.00.0000,WTA,1980,3. Runde,26368,84383
Canadian Open,1980-W-WT-CAN-02A-1980,R16,2189,1049,00.00.0000-00.00.0000,WTA,1980,Achtelfinale,26368,84384
Canadian Open,1980-W-WT-CAN-02A-1980,QF,2189,1049,00.00.0000-00.00.0000,WTA,1980,Viertelfinale,26368,84385
Canadian Open,1980-W-WT-CAN-02A-1980,SF,2189,1049,00.00.0000-00.00.0000,WTA,1980,Halbfinale,26368,84386
Canadian Open,1980-W-WT-CAN-02A-1980,F,2189,1049,00.00.0000-00.00.0000,WTA,1980,Finale,26368,84387
Canadian Open,1981-W-WT-CAN-01A-1981,R64,2190,1049,00.00.0000-00.00.0000,WTA,1981,2. Runde,26369,84388
Canadian Open,1981-W-WT-CAN-01A-1981,R32,2190,1049,00.00.0000-00.00.0000,WTA,1981,3. Runde,26369,84389
Canadian Open,1981-W-WT-CAN-01A-1981,R16,2190,1049,00.00.0000-00.00.0000,WTA,1981,Achtelfinale,26369,84390
Canadian Open,1981-W-WT-CAN-01A-1981,QF,2190,1049,00.00.0000-00.00.0000,WTA,1981,Viertelfinale,26369,84391
Canadian Open,1981-W-WT-CAN-01A-1981,SF,2190,1049,00.00.0000-00.00.0000,WTA,1981,Halbfinale,26369,84392
Canadian Open,1981-W-WT-CAN-01A-1981,F,2190,1049,00.00.0000-00.00.0000,WTA,1981,Finale,26369,84393
Canadian Open,1982-W-WT-CAN-01A-1982,R64,2191,1049,00.00.0000-00.00.0000,WTA,1982,2. Runde,26370,84394
Canadian Open,1982-W-WT-CAN-01A-1982,R32,2191,1049,00.00.0000-00.00.0000,WTA,1982,3. Runde,26370,84395
Canadian Open,1982-W-WT-CAN-01A-1982,R16,2191,1049,00.00.0000-00.00.0000,WTA,1982,Achtelfinale,26370,84396
Canadian Open,1982-W-WT-CAN-01A-1982,QF,2191,1049,00.00.0000-00.00.0000,WTA,1982,Viertelfinale,26370,84397
Canadian Open,1982-W-WT-CAN-01A-1982,SF,2191,1049,00.00.0000-00.00.0000,WTA,1982,Halbfinale,26370,84398
Canadian Open,1982-W-WT-CAN-01A-1982,F,2191,1049,00.00.0000-00.00.0000,WTA,1982,Finale,26370,84399
Canadian Open,1983-W-WT-CAN-01A-1983,R64,2192,1049,00.00.0000-00.00.0000,WTA,1983,2. Runde,26371,84400
Canadian Open,1983-W-WT-CAN-01A-1983,R32,2192,1049,00.00.0000-00.00.0000,WTA,1983,3. Runde,26371,84401
Canadian Open,1983-W-WT-CAN-01A-1983,R16,2192,1049,00.00.0000-00.00.0000,WTA,1983,Achtelfinale,26371,84402
Canadian Open,1983-W-WT-CAN-01A-1983,QF,2192,1049,00.00.0000-00.00.0000,WTA,1983,Viertelfinale,26371,84403
Canadian Open,1983-W-WT-CAN-01A-1983,SF,2192,1049,00.00.0000-00.00.0000,WTA,1983,Halbfinale,26371,84404
Canadian Open,1983-W-WT-CAN-01A-1983,F,2192,1049,00.00.0000-00.00.0000,WTA,1983,Finale,26371,84405
Canadian Open,1984-W-WT-CAN-01A-1984,R64,2193,1049,00.00.0000-00.00.0000,WTA,1984,2. Runde,26372,84406
Canadian Open,1984-W-WT-CAN-01A-1984,R32,2193,1049,00.00.0000-00.00.0000,WTA,1984,3. Runde,26372,84407
Canadian Open,1984-W-WT-CAN-01A-1984,R16,2193,1049,00.00.0000-00.00.0000,WTA,1984,Achtelfinale,26372,84408
Canadian Open,1984-W-WT-CAN-01A-1984,QF,2193,1049,00.00.0000-00.00.0000,WTA,1984,Viertelfinale,26372,84409
Canadian Open,1984-W-WT-CAN-01A-1984,SF,2193,1049,00.00.0000-00.00.0000,WTA,1984,Halbfinale,26372,84410
Canadian Open,1984-W-WT-CAN-01A-1984,F,2193,1049,00.00.0000-00.00.0000,WTA,1984,Finale,26372,84411
Canadian Open,1985-W-WT-CAN-01A-1985,R64,2194,1049,00.00.0000-00.00.0000,WTA,1985,2. Runde,26373,84412
Canadian Open,1985-W-WT-CAN-01A-1985,R32,2194,1049,00.00.0000-00.00.0000,WTA,1985,3. Runde,26373,84413
Canadian Open,1985-W-WT-CAN-01A-1985,R16,2194,1049,00.00.0000-00.00.0000,WTA,1985,Achtelfinale,26373,84414
Canadian Open,1985-W-WT-CAN-01A-1985,QF,2194,1049,00.00.0000-00.00.0000,WTA,1985,Viertelfinale,26373,84415
Canadian Open,1985-W-WT-CAN-01A-1985,SF,2194,1049,00.00.0000-00.00.0000,WTA,1985,Halbfinale,26373,84416
Canadian Open,1985-W-WT-CAN-01A-1985,F,2194,1049,00.00.0000-00.00.0000,WTA,1985,Finale,26373,84417
Canadian Open,1986-W-WT-CAN-01A-1986,R64,2195,1049,00.00.0000-00.00.0000,WTA,1986,2. Runde,26374,84418
Canadian Open,1986-W-WT-CAN-01A-1986,R32,2195,1049,00.00.0000-00.00.0000,WTA,1986,3. Runde,26374,84419
Canadian Open,1986-W-WT-CAN-01A-1986,R16,2195,1049,00.00.0000-00.00.0000,WTA,1986,Achtelfinale,26374,84420
Canadian Open,1986-W-WT-CAN-01A-1986,QF,2195,1049,00.00.0000-00.00.0000,WTA,1986,Viertelfinale,26374,84421
Canadian Open,1986-W-WT-CAN-01A-1986,SF,2195,1049,00.00.0000-00.00.0000,WTA,1986,Halbfinale,26374,84422
Canadian Open,1986-W-WT-CAN-01A-1986,F,2195,1049,00.00.0000-00.00.0000,WTA,1986,Finale,26374,84423
Canadian Open,1987-W-WT-CAN-01A-1987,R64,2196,1049,00.00.0000-00.00.0000,WTA,1987,2. Runde,26375,84424
Canadian Open,1987-W-WT-CAN-01A-1987,R32,2196,1049,00.00.0000-00.00.0000,WTA,1987,3. Runde,26375,84425
Canadian Open,1987-W-WT-CAN-01A-1987,R16,2196,1049,00.00.0000-00.00.0000,WTA,1987,Achtelfinale,26375,84426
Canadian Open,1987-W-WT-CAN-01A-1987,QF,2196,1049,00.00.0000-00.00.0000,WTA,1987,Viertelfinale,26375,84427
Canadian Open,1987-W-WT-CAN-01A-1987,SF,2196,1049,00.00.0000-00.00.0000,WTA,1987,Halbfinale,26375,84428
Canadian Open,1987-W-WT-CAN-01A-1987,F,2196,1049,00.00.0000-00.00.0000,WTA,1987,Finale,26375,84429
Canadian Open,1988-W-WT-CAN-01A-1988,R64,2197,1049,00.00.0000-00.00.0000,WTA,1988,2. Runde,26376,84430
Canadian Open,1988-W-WT-CAN-01A-1988,R32,2197,1049,00.00.0000-00.00.0000,WTA,1988,3. Runde,26376,84431
Canadian Open,1988-W-WT-CAN-01A-1988,R16,2197,1049,00.00.0000-00.00.0000,WTA,1988,Achtelfinale,26376,84432
Canadian Open,1988-W-WT-CAN-01A-1988,QF,2197,1049,00.00.0000-00.00.0000,WTA,1988,Viertelfinale,26376,84433
Canadian Open,1988-W-WT-CAN-01A-1988,SF,2197,1049,00.00.0000-00.00.0000,WTA,1988,Halbfinale,26376,84434
Canadian Open,1988-W-WT-CAN-01A-1988,F,2197,1049,00.00.0000-00.00.0000,WTA,1988,Finale,26376,84435
Canadian Open,1989-W-WT-CAN-01A-1989,R64,2198,1049,00.00.0000-00.00.0000,WTA,1989,2. Runde,26377,84436
Canadian Open,1989-W-WT-CAN-01A-1989,R32,2198,1049,00.00.0000-00.00.0000,WTA,1989,3. Runde,26377,84437
Canadian Open,1989-W-WT-CAN-01A-1989,R16,2198,1049,00.00.0000-00.00.0000,WTA,1989,Achtelfinale,26377,84438
Canadian Open,1989-W-WT-CAN-01A-1989,QF,2198,1049,00.00.0000-00.00.0000,WTA,1989,Viertelfinale,26377,84439
Canadian Open,1989-W-WT-CAN-01A-1989,SF,2198,1049,00.00.0000-00.00.0000,WTA,1989,Halbfinale,26377,84440
Canadian Open,1989-W-WT-CAN-01A-1989,F,2198,1049,00.00.0000-00.00.0000,WTA,1989,Finale,26377,84441
Canadian Open,1990-W-WT-CAN-01A-1990,R64,2199,1049,00.00.0000-00.00.0000,WTA,1990,2. Runde,26378,84442
Canadian Open,1990-W-WT-CAN-01A-1990,R32,2199,1049,00.00.0000-00.00.0000,WTA,1990,3. Runde,26378,84443
Canadian Open,1990-W-WT-CAN-01A-1990,R16,2199,1049,00.00.0000-00.00.0000,WTA,1990,Achtelfinale,26378,84444
Canadian Open,1990-W-WT-CAN-01A-1990,QF,2199,1049,00.00.0000-00.00.0000,WTA,1990,Viertelfinale,26378,84445
Canadian Open,1990-W-WT-CAN-01A-1990,SF,2199,1049,00.00.0000-00.00.0000,WTA,1990,Halbfinale,26378,84446
Canadian Open,1990-W-WT-CAN-01A-1990,F,2199,1049,00.00.0000-00.00.0000,WTA,1990,Finale,26378,84447
Canadian Open,1991-W-WT-CAN-01A-1991,R64,2200,1049,00.00.0000-00.00.0000,WTA,1991,2. Runde,26379,84448
Canadian Open,1991-W-WT-CAN-01A-1991,R32,2200,1049,00.00.0000-00.00.0000,WTA,1991,3. Runde,26379,84449
Canadian Open,1991-W-WT-CAN-01A-1991,R16,2200,1049,00.00.0000-00.00.0000,WTA,1991,Achtelfinale,26379,84450
Canadian Open,1991-W-WT-CAN-01A-1991,QF,2200,1049,00.00.0000-00.00.0000,WTA,1991,Viertelfinale,26379,84451
Canadian Open,1991-W-WT-CAN-01A-1991,SF,2200,1049,00.00.0000-00.00.0000,WTA,1991,Halbfinale,26379,84452
Canadian Open,1991-W-WT-CAN-01A-1991,F,2200,1049,00.00.0000-00.00.0000,WTA,1991,Finale,26379,84453
Canadian Open,1992-W-WT-CAN-01A-1992,R64,2201,1049,00.00.0000-00.00.0000,WTA,1992,2. Runde,26380,84454
Canadian Open,1992-W-WT-CAN-01A-1992,R32,2201,1049,00.00.0000-00.00.0000,WTA,1992,3. Runde,26380,84455
Canadian Open,1992-W-WT-CAN-01A-1992,R16,2201,1049,00.00.0000-00.00.0000,WTA,1992,Achtelfinale,26380,84456
Canadian Open,1992-W-WT-CAN-01A-1992,QF,2201,1049,00.00.0000-00.00.0000,WTA,1992,Viertelfinale,26380,84457
Canadian Open,1992-W-WT-CAN-01A-1992,SF,2201,1049,00.00.0000-00.00.0000,WTA,1992,Halbfinale,26380,84458
Canadian Open,1992-W-WT-CAN-01A-1992,F,2201,1049,00.00.0000-00.00.0000,WTA,1992,Finale,26380,84459
Canadian Open,1993-W-WT-CAN-01A-1993,R64,2202,1049,00.00.0000-00.00.0000,WTA,1993,2. Runde,26381,84460
Canadian Open,1993-W-WT-CAN-01A-1993,R32,2202,1049,00.00.0000-00.00.0000,WTA,1993,3. Runde,26381,84461
Canadian Open,1993-W-WT-CAN-01A-1993,R16,2202,1049,00.00.0000-00.00.0000,WTA,1993,Achtelfinale,26381,84462
Canadian Open,1993-W-WT-CAN-01A-1993,QF,2202,1049,00.00.0000-00.00.0000,WTA,1993,Viertelfinale,26381,84463
Canadian Open,1993-W-WT-CAN-01A-1993,SF,2202,1049,00.00.0000-00.00.0000,WTA,1993,Halbfinale,26381,84464
Canadian Open,1993-W-WT-CAN-01A-1993,F,2202,1049,00.00.0000-00.00.0000,WTA,1993,Finale,26381,84465
Canadian Open,1993-W-WT-CAN-02A-1993,R32,2202,1049,00.00.0000-00.00.0000,WTA,1993,3. Runde,26381,84461
Canadian Open,1993-W-WT-CAN-02A-1993,R16,2202,1049,00.00.0000-00.00.0000,WTA,1993,Achtelfinale,26381,84462
Canadian Open,1993-W-WT-CAN-02A-1993,QF,2202,1049,00.00.0000-00.00.0000,WTA,1993,Viertelfinale,26381,84463
Canadian Open,1993-W-WT-CAN-02A-1993,SF,2202,1049,00.00.0000-00.00.0000,WTA,1993,Halbfinale,26381,84464
Canadian Open,1993-W-WT-CAN-02A-1993,F,2202,1049,00.00.0000-00.00.0000,WTA,1993,Finale,26381,84470
Canadian Open,1994-W-WT-CAN-01A-1994,R64,2203,1049,00.00.0000-00.00.0000,WTA,1994,2. Runde,26382,84471
Canadian Open,1994-W-WT-CAN-01A-1994,R32,2203,1049,00.00.0000-00.00.0000,WTA,1994,3. Runde,26382,84472
Canadian Open,1994-W-WT-CAN-01A-1994,R16,2203,1049,00.00.0000-00.00.0000,WTA,1994,Achtelfinale,26382,84473
Canadian Open,1994-W-WT-CAN-01A-1994,QF,2203,1049,00.00.0000-00.00.0000,WTA,1994,Viertelfinale,26382,84474
Canadian Open,1994-W-WT-CAN-01A-1994,SF,2203,1049,00.00.0000-00.00.0000,WTA,1994,Halbfinale,26382,84475
Canadian Open,1994-W-WT-CAN-01A-1994,F,2203,1049,00.00.0000-00.00.0000,WTA,1994,Finale,26382,84476
Canadian Open,1994-W-WT-CAN-02A-1994,R32,2203,1049,00.00.0000-00.00.0000,WTA,1994,3. Runde,26382,84472
Canadian Open,1994-W-WT-CAN-02A-1994,R16,2203,1049,00.00.0000-00.00.0000,WTA,1994,Achtelfinale,26382,84473
Canadian Open,1994-W-WT-CAN-02A-1994,QF,2203,1049,00.00.0000-00.00.0000,WTA,1994,Viertelfinale,26382,84474
Canadian Open,1994-W-WT-CAN-02A-1994,SF,2203,1049,00.00.0000-00.00.0000,WTA,1994,Halbfinale,26382,84475
Canadian Open,1994-W-WT-CAN-02A-1994,F,2203,1049,00.00.0000-00.00.0000,WTA,1994,Finale,26382,84481
Canadian Open,1995-W-WT-CAN-01A-1995,R64,2204,1049,00.00.0000-00.00.0000,WTA,1995,2. Runde,26383,84482
Canadian Open,1995-W-WT-CAN-01A-1995,R32,2204,1049,00.00.0000-00.00.0000,WTA,1995,3. Runde,26383,84483
Canadian Open,1995-W-WT-CAN-01A-1995,R16,2204,1049,00.00.0000-00.00.0000,WTA,1995,Achtelfinale,26383,84484
Canadian Open,1995-W-WT-CAN-01A-1995,QF,2204,1049,00.00.0000-00.00.0000,WTA,1995,Viertelfinale,26383,84485
Canadian Open,1995-W-WT-CAN-01A-1995,SF,2204,1049,00.00.0000-00.00.0000,WTA,1995,Halbfinale,26383,84486
Canadian Open,1995-W-WT-CAN-01A-1995,F,2204,1049,00.00.0000-00.00.0000,WTA,1995,Finale,26383,84487
Canadian Open,1995-W-WT-CAN-02A-1995,R32,2204,1049,00.00.0000-00.00.0000,WTA,1995,3. Runde,26383,84483
Canadian Open,1995-W-WT-CAN-02A-1995,R16,2204,1049,00.00.0000-00.00.0000,WTA,1995,Achtelfinale,26383,84489
Canadian Open,1995-W-WT-CAN-02A-1995,QF,2204,1049,00.00.0000-00.00.0000,WTA,1995,Viertelfinale,26383,84485
Canadian Open,1995-W-WT-CAN-02A-1995,SF,2204,1049,00.00.0000-00.00.0000,WTA,1995,Halbfinale,26383,84486
Canadian Open,1995-W-WT-CAN-02A-1995,F,2204,1049,00.00.0000-00.00.0000,WTA,1995,Finale,26383,84492
Canadian Open,1996-W-WT-CAN-01A-1996,R64,2205,1049,00.00.0000-00.00.0000,WTA,1996,2. Runde,26384,84493
Canadian Open,1996-W-WT-CAN-01A-1996,R32,2205,1049,00.00.0000-00.00.0000,WTA,1996,3. Runde,26384,84494
Canadian Open,1996-W-WT-CAN-01A-1996,R16,2205,1049,00.00.0000-00.00.0000,WTA,1996,Achtelfinale,26384,84495
Canadian Open,1996-W-WT-CAN-01A-1996,QF,2205,1049,00.00.0000-00.00.0000,WTA,1996,Viertelfinale,26384,84496
Canadian Open,1996-W-WT-CAN-01A-1996,SF,2205,1049,00.00.0000-00.00.0000,WTA,1996,Halbfinale,26384,84497
Canadian Open,1996-W-WT-CAN-01A-1996,F,2205,1049,00.00.0000-00.00.0000,WTA,1996,Finale,26384,84498
Canadian Open,1997-W-WT-CAN-01A-1997,R64,2206,1049,00.00.0000-00.00.0000,WTA,1997,2. Runde,26385,84499
Canadian Open,1997-W-WT-CAN-01A-1997,R32,2206,1049,00.00.0000-00.00.0000,WTA,1997,3. Runde,26385,84500
Canadian Open,1997-W-WT-CAN-01A-1997,R16,2206,1049,00.00.0000-00.00.0000,WTA,1997,Achtelfinale,26385,84501
Canadian Open,1997-W-WT-CAN-01A-1997,QF,2206,1049,00.00.0000-00.00.0000,WTA,1997,Viertelfinale,26385,84502
Canadian Open,1997-W-WT-CAN-01A-1997,SF,2206,1049,00.00.0000-00.00.0000,WTA,1997,Halbfinale,26385,84503
Canadian Open,1997-W-WT-CAN-01A-1997,F,2206,1049,00.00.0000-00.00.0000,WTA,1997,Finale,26385,84504
Canadian Open,1998-W-WT-CAN-01A-1998,R64,2207,1049,00.00.0000-00.00.0000,WTA,1998,2. Runde,26386,84505
Canadian Open,1998-W-WT-CAN-01A-1998,R32,2207,1049,00.00.0000-00.00.0000,WTA,1998,3. Runde,26386,84506
Canadian Open,1998-W-WT-CAN-01A-1998,R16,2207,1049,00.00.0000-00.00.0000,WTA,1998,Achtelfinale,26386,84507
Canadian Open,1998-W-WT-CAN-01A-1998,QF,2207,1049,00.00.0000-00.00.0000,WTA,1998,Viertelfinale,26386,84508
Canadian Open,1998-W-WT-CAN-01A-1998,SF,2207,1049,00.00.0000-00.00.0000,WTA,1998,Halbfinale,26386,84509
Canadian Open,1998-W-WT-CAN-01A-1998,F,2207,1049,00.00.0000-00.00.0000,WTA,1998,Finale,26386,84510
Canadian Open,1999-W-WT-CAN-01A-1999,R64,2208,1049,00.00.0000-00.00.0000,WTA,1999,2. Runde,26387,84511
Canadian Open,1999-W-WT-CAN-01A-1999,R32,2208,1049,00.00.0000-00.00.0000,WTA,1999,3. Runde,26387,84512
Canadian Open,1999-W-WT-CAN-01A-1999,R16,2208,1049,00.00.0000-00.00.0000,WTA,1999,Achtelfinale,26387,84513
Canadian Open,1999-W-WT-CAN-01A-1999,QF,2208,1049,00.00.0000-00.00.0000,WTA,1999,Viertelfinale,26387,84514
Canadian Open,1999-W-WT-CAN-01A-1999,SF,2208,1049,00.00.0000-00.00.0000,WTA,1999,Halbfinale,26387,84515
Canadian Open,1999-W-WT-CAN-01A-1999,F,2208,1049,00.00.0000-00.00.0000,WTA,1999,Finale,26387,84516
Canadian Open,2000-W-T1-CAN-01A-2000,R64,2209,1049,00.00.0000-00.00.0000,WTA,2000,2. Runde,26388,84517
Canadian Open,2000-W-T1-CAN-01A-2000,R32,2209,1049,00.00.0000-00.00.0000,WTA,2000,3. Runde,26388,84518
Canadian Open,2000-W-T1-CAN-01A-2000,R16,2209,1049,00.00.0000-00.00.0000,WTA,2000,Achtelfinale,26388,84519
Canadian Open,2000-W-T1-CAN-01A-2000,QF,2209,1049,00.00.0000-00.00.0000,WTA,2000,Viertelfinale,26388,84520
Canadian Open,2000-W-T1-CAN-01A-2000,SF,2209,1049,00.00.0000-00.00.0000,WTA,2000,Halbfinale,26388,84521
Canadian Open,2000-W-T1-CAN-01A-2000,F,2209,1049,00.00.0000-00.00.0000,WTA,2000,Finale,26388,84522
Canadian Open,2001-W-T1-CAN-01A-2001,R64,2210,1049,00.00.0000-00.00.0000,WTA,2001,2. Runde,26389,84523
Canadian Open,2001-W-T1-CAN-01A-2001,R32,2210,1049,00.00.0000-00.00.0000,WTA,2001,3. Runde,26389,84524
Canadian Open,2001-W-T1-CAN-01A-2001,R16,2210,1049,00.00.0000-00.00.0000,WTA,2001,Achtelfinale,26389,84525
Canadian Open,2001-W-T1-CAN-01A-2001,QF,2210,1049,00.00.0000-00.00.0000,WTA,2001,Viertelfinale,26389,84526
Canadian Open,2001-W-T1-CAN-01A-2001,SF,2210,1049,00.00.0000-00.00.0000,WTA,2001,Halbfinale,26389,84527
Canadian Open,2001-W-T1-CAN-01A-2001,F,2210,1049,00.00.0000-00.00.0000,WTA,2001,Finale,26389,84528
Canadian Open,2002-W-T1-CAN-01A-2002,R64,2211,1049,00.00.0000-00.00.0000,WTA,2002,2. Runde,26390,84529
Canadian Open,2002-W-T1-CAN-01A-2002,R32,2211,1049,00.00.0000-00.00.0000,WTA,2002,3. Runde,26390,84530
Canadian Open,2002-W-T1-CAN-01A-2002,R16,2211,1049,00.00.0000-00.00.0000,WTA,2002,Achtelfinale,26390,84531
Canadian Open,2002-W-T1-CAN-01A-2002,QF,2211,1049,00.00.0000-00.00.0000,WTA,2002,Viertelfinale,26390,84532
Canadian Open,2002-W-T1-CAN-01A-2002,SF,2211,1049,00.00.0000-00.00.0000,WTA,2002,Halbfinale,26390,84533
Canadian Open,2002-W-T1-CAN-01A-2002,F,2211,1049,00.00.0000-00.00.0000,WTA,2002,Finale,26390,84534
Canadian Open,2003-W-T1-CAN-01A-2003,R64,2212,1049,00.00.0000-00.00.0000,WTA,2003,2. Runde,26391,84535
Canadian Open,2003-W-T1-CAN-01A-2003,R32,2212,1049,00.00.0000-00.00.0000,WTA,2003,3. Runde,26391,84536
Canadian Open,2003-W-T1-CAN-01A-2003,R16,2212,1049,00.00.0000-00.00.0000,WTA,2003,Achtelfinale,26391,84537
Canadian Open,2003-W-T1-CAN-01A-2003,QF,2212,1049,00.00.0000-00.00.0000,WTA,2003,Viertelfinale,26391,84538
Canadian Open,2003-W-T1-CAN-01A-2003,SF,2212,1049,00.00.0000-00.00.0000,WTA,2003,Halbfinale,26391,84539
Canadian Open,2003-W-T1-CAN-01A-2003,F,2212,1049,00.00.0000-00.00.0000,WTA,2003,Finale,26391,84540
Canadian Open,2004-W-T1-CAN-01A-2004,R64,2213,1049,00.00.0000-00.00.0000,WTA,2004,2. Runde,26392,84541
Canadian Open,2004-W-T1-CAN-01A-2004,R32,2213,1049,00.00.0000-00.00.0000,WTA,2004,3. Runde,26392,84542
Canadian Open,2004-W-T1-CAN-01A-2004,R16,2213,1049,00.00.0000-00.00.0000,WTA,2004,Achtelfinale,26392,84543
Canadian Open,2004-W-T1-CAN-01A-2004,QF,2213,1049,00.00.0000-00.00.0000,WTA,2004,Viertelfinale,26392,84544
Canadian Open,2004-W-T1-CAN-01A-2004,SF,2213,1049,00.00.0000-00.00.0000,WTA,2004,Halbfinale,26392,84545
Canadian Open,2004-W-T1-CAN-01A-2004,F,2213,1049,00.00.0000-00.00.0000,WTA,2004,Finale,26392,84546
Canadian Open,2005-W-T1-CAN-01A-2005,R64,2214,1049,00.00.0000-00.00.0000,WTA,2005,2. Runde,26393,84547
Canadian Open,2005-W-T1-CAN-01A-2005,R32,2214,1049,00.00.0000-00.00.0000,WTA,2005,3. Runde,26393,84548
Canadian Open,2005-W-T1-CAN-01A-2005,R16,2214,1049,00.00.0000-00.00.0000,WTA,2005,Achtelfinale,26393,84549
Canadian Open,2005-W-T1-CAN-01A-2005,QF,2214,1049,00.00.0000-00.00.0000,WTA,2005,Viertelfinale,26393,84550
Canadian Open,2005-W-T1-CAN-01A-2005,SF,2214,1049,00.00.0000-00.00.0000,WTA,2005,Halbfinale,26393,84551
Canadian Open,2005-W-T1-CAN-01A-2005,F,2214,1049,00.00.0000-00.00.0000,WTA,2005,Finale,26393,84552
Canadian Open,2006-W-T1-CAN-01A-2006,R64,2215,1049,00.00.0000-00.00.0000,WTA,2006,2. Runde,26394,84553
Canadian Open,2006-W-T1-CAN-01A-2006,R32,2215,1049,00.00.0000-00.00.0000,WTA,2006,3. Runde,26394,84554
Canadian Open,2006-W-T1-CAN-01A-2006,R16,2215,1049,00.00.0000-00.00.0000,WTA,2006,Achtelfinale,26394,84555
Canadian Open,2006-W-T1-CAN-01A-2006,QF,2215,1049,00.00.0000-00.00.0000,WTA,2006,Viertelfinale,26394,84556
Canadian Open,2006-W-T1-CAN-01A-2006,SF,2215,1049,00.00.0000-00.00.0000,WTA,2006,Halbfinale,26394,84557
Canadian Open,2006-W-T1-CAN-01A-2006,F,2215,1049,00.00.0000-00.00.0000,WTA,2006,Finale,26394,84558
Canadian Open,2007-W-T1-CAN-01A-2007,R64,2216,1049,00.00.0000-00.00.0000,WTA,2007,2. Runde,26395,84559
Canadian Open,2007-W-T1-CAN-01A-2007,R32,2216,1049,00.00.0000-00.00.0000,WTA,2007,3. Runde,26395,84560
Canadian Open,2007-W-T1-CAN-01A-2007,R16,2216,1049,00.00.0000-00.00.0000,WTA,2007,Achtelfinale,26395,84561
Canadian Open,2007-W-T1-CAN-01A-2007,QF,2216,1049,00.00.0000-00.00.0000,WTA,2007,Viertelfinale,26395,84562
Canadian Open,2007-W-T1-CAN-01A-2007,SF,2216,1049,00.00.0000-00.00.0000,WTA,2007,Halbfinale,26395,84563
Canadian Open,2007-W-T1-CAN-01A-2007,F,2216,1049,00.00.0000-00.00.0000,WTA,2007,Finale,26395,84564
Canadian Open,2008-W-T1-CAN-01A-2008,R64,2217,1049,00.00.0000-00.00.0000,WTA,2008,2. Runde,26396,84565
Canadian Open,2008-W-T1-CAN-01A-2008,R32,2217,1049,00.00.0000-00.00.0000,WTA,2008,3. Runde,26396,84566
Canadian Open,2008-W-T1-CAN-01A-2008,R16,2217,1049,00.00.0000-00.00.0000,WTA,2008,Achtelfinale,26396,84567
Canadian Open,2008-W-T1-CAN-01A-2008,QF,2217,1049,00.00.0000-00.00.0000,WTA,2008,Viertelfinale,26396,84568
Canadian Open,2008-W-T1-CAN-01A-2008,SF,2217,1049,00.00.0000-00.00.0000,WTA,2008,Halbfinale,26396,84569
Canadian Open,2008-W-T1-CAN-01A-2008,F,2217,1049,00.00.0000-00.00.0000,WTA,2008,Finale,26396,84570
Canadian Open,2009-W-PR-CAN-01A-2009,R64,74,1049,00.00.0000-00.00.0000,WTA,2009,2. Runde,1241,84571
Canadian Open,2009-W-PR-CAN-01A-2009,R32,74,1049,00.00.0000-00.00.0000,WTA,2009,3. Runde,1241,84572
Canadian Open,2009-W-PR-CAN-01A-2009,R16,74,1049,00.00.0000-00.00.0000,WTA,2009,Achtelfinale,1241,84573
Canadian Open,2009-W-PR-CAN-01A-2009,QF,74,1049,00.00.0000-00.00.0000,WTA,2009,Viertelfinale,1241,84574
Canadian Open,2009-W-PR-CAN-01A-2009,SF,74,1049,00.00.0000-00.00.0000,WTA,2009,Halbfinale,1241,84575
Canadian Open,2009-W-PR-CAN-01A-2009,F,74,1049,00.00.0000-00.00.0000,WTA,2009,Finale,1241,84576
Canadian Open,2010-W-PR-CAN-01A-2010,R64,120,1049,00.00.0000-00.00.0000,WTA,2010,2. Runde,2131,84577
Canadian Open,2010-W-PR-CAN-01A-2010,R32,120,1049,00.00.0000-00.00.0000,WTA,2010,3. Runde,2131,84578
Canadian Open,2010-W-PR-CAN-01A-2010,R16,120,1049,00.00.0000-00.00.0000,WTA,2010,Achtelfinale,2131,19626
Canadian Open,2010-W-PR-CAN-01A-2010,QF,120,1049,00.00.0000-00.00.0000,WTA,2010,Viertelfinale,2131,19632
Canadian Open,2010-W-PR-CAN-01A-2010,SF,120,1049,00.00.0000-00.00.0000,WTA,2010,Halbfinale,2131,19650
Canadian Open,2010-W-PR-CAN-01A-2010,F,120,1049,00.00.0000-00.00.0000,WTA,2010,Finale,2131,84582
Cincinnati,1980-W-WT-USA-02A-1980,R32,2189,1047,00.00.0000-00.00.0000,WTA,1980,3. Runde,26399,84583
Cincinnati,1980-W-WT-USA-02A-1980,R16,2189,1047,00.00.0000-00.00.0000,WTA,1980,Achtelfinale,26399,84584
Cincinnati,1980-W-WT-USA-02A-1980,QF,2189,1047,00.00.0000-00.00.0000,WTA,1980,Viertelfinale,26399,84585
Cincinnati,1980-W-WT-USA-02A-1980,SF,2189,1047,00.00.0000-00.00.0000,WTA,1980,Halbfinale,26399,84586
Cincinnati,1980-W-WT-USA-02A-1980,F,2189,1047,00.00.0000-00.00.0000,WTA,1980,Finale,26399,84587
Cincinnati,1981-W-WT-USA-03A-1981,R32,2190,1047,00.00.0000-00.00.0000,WTA,1981,3. Runde,26400,84588
Cincinnati,1981-W-WT-USA-03A-1981,R16,2190,1047,00.00.0000-00.00.0000,WTA,1981,Achtelfinale,26400,84589
Cincinnati,1981-W-WT-USA-03A-1981,QF,2190,1047,00.00.0000-00.00.0000,WTA,1981,Viertelfinale,26400,84590
Cincinnati,1981-W-WT-USA-03A-1981,SF,2190,1047,00.00.0000-00.00.0000,WTA,1981,Halbfinale,26400,84591
Cincinnati,1981-W-WT-USA-03A-1981,F,2190,1047,00.00.0000-00.00.0000,WTA,1981,Finale,26400,84592
Cincinnati,1982-W-WT-USA-04A-1982,R32,2191,1047,00.00.0000-00.00.0000,WTA,1982,3. Runde,26401,84593
Cincinnati,1982-W-WT-USA-04A-1982,R16,2191,1047,00.00.0000-00.00.0000,WTA,1982,Achtelfinale,26401,84594
Cincinnati,1982-W-WT-USA-04A-1982,QF,2191,1047,00.00.0000-00.00.0000,WTA,1982,Viertelfinale,26401,84595
Cincinnati,1982-W-WT-USA-04A-1982,SF,2191,1047,00.00.0000-00.00.0000,WTA,1982,Halbfinale,26401,84596
Cincinnati,1982-W-WT-USA-04A-1982,F,2191,1047,00.00.0000-00.00.0000,WTA,1982,Finale,26401,84597
Cincinnati,1988-W-WT-USA-16A-1988,R32,2197,1047,00.00.0000-00.00.0000,WTA,1988,3. Runde,26402,84598
Cincinnati,1988-W-WT-USA-16A-1988,R16,2197,1047,00.00.0000-00.00.0000,WTA,1988,Achtelfinale,26402,84599
Cincinnati,1988-W-WT-USA-16A-1988,QF,2197,1047,00.00.0000-00.00.0000,WTA,1988,Viertelfinale,26402,84600
Cincinnati,1988-W-WT-USA-16A-1988,SF,2197,1047,00.00.0000-00.00.0000,WTA,1988,Halbfinale,26402,84601
Cincinnati,1988-W-WT-USA-16A-1988,F,2197,1047,00.00.0000-00.00.0000,WTA,1988,Finale,26402,84602
Cincinnati,2004-W-T3-USA-02A-2004,R32,2213,1047,00.00.0000-00.00.0000,WTA,2004,3. Runde,26403,84603
Cincinnati,2004-W-T3-USA-02A-2004,R16,2213,1047,00.00.0000-00.00.0000,WTA,2004,Achtelfinale,26403,84604
Cincinnati,2004-W-T3-USA-02A-2004,QF,2213,1047,00.00.0000-00.00.0000,WTA,2004,Viertelfinale,26403,84605
Cincinnati,2004-W-T3-USA-02A-2004,SF,2213,1047,00.00.0000-00.00.0000,WTA,2004,Halbfinale,26403,84606
Cincinnati,2004-W-T3-USA-02A-2004,F,2213,1047,00.00.0000-00.00.0000,WTA,2004,Finale,26403,84607
Cincinnati,2005-W-T3-USA-02A-2005,R32,2214,1047,00.00.0000-00.00.0000,WTA,2005,3. Runde,26404,84608
Cincinnati,2005-W-T3-USA-02A-2005,R16,2214,1047,00.00.0000-00.00.0000,WTA,2005,Achtelfinale,26404,84609
Cincinnati,2005-W-T3-USA-02A-2005,QF,2214,1047,00.00.0000-00.00.0000,WTA,2005,Viertelfinale,26404,84610
Cincinnati,2005-W-T3-USA-02A-2005,SF,2214,1047,00.00.0000-00.00.0000,WTA,2005,Halbfinale,26404,84611
Cincinnati,2005-W-T3-USA-02A-2005,F,2214,1047,00.00.0000-00.00.0000,WTA,2005,Finale,26404,84612
Cincinnati,2006-W-T3-USA-02A-2006,R32,2215,1047,00.00.0000-00.00.0000,WTA,2006,3. Runde,26405,84613
Cincinnati,2006-W-T3-USA-02A-2006,R16,2215,1047,00.00.0000-00.00.0000,WTA,2006,Achtelfinale,26405,84614
Cincinnati,2006-W-T3-USA-02A-2006,QF,2215,1047,00.00.0000-00.00.0000,WTA,2006,Viertelfinale,26405,84615
Cincinnati,2006-W-T3-USA-02A-2006,SF,2215,1047,00.00.0000-00.00.0000,WTA,2006,Halbfinale,26405,84616
Cincinnati,2006-W-T3-USA-02A-2006,F,2215,1047,00.00.0000-00.00.0000,WTA,2006,Finale,26405,84617
Cincinnati,2007-W-T3-USA-02A-2007,R32,2216,1047,00.00.0000-00.00.0000,WTA,2007,3. Runde,26406,84618
Cincinnati,2007-W-T3-USA-02A-2007,R16,2216,1047,00.00.0000-00.00.0000,WTA,2007,Achtelfinale,26406,84619
Cincinnati,2007-W-T3-USA-02A-2007,QF,2216,1047,00.00.0000-00.00.0000,WTA,2007,Viertelfinale,26406,84620
Cincinnati,2007-W-T3-USA-02A-2007,SF,2216,1047,00.00.0000-00.00.0000,WTA,2007,Halbfinale,26406,84621
Cincinnati,2007-W-T3-USA-02A-2007,F,2216,1047,00.00.0000-00.00.0000,WTA,2007,Finale,26406,84622
Cincinnati,2008-W-T3-USA-02A-2008,R32,2217,1047,00.00.0000-00.00.0000,WTA,2008,3. Runde,26407,84623
Cincinnati,2008-W-T3-USA-02A-2008,R16,2217,1047,00.00.0000-00.00.0000,WTA,2008,Achtelfinale,26407,84624
Cincinnati,2008-W-T3-USA-02A-2008,QF,2217,1047,00.00.0000-00.00.0000,WTA,2008,Viertelfinale,26407,84625
Cincinnati,2008-W-T3-USA-02A-2008,SF,2217,1047,00.00.0000-00.00.0000,WTA,2008,Halbfinale,26407,84626
Cincinnati,2008-W-T3-USA-02A-2008,F,2217,1047,00.00.0000-00.00.0000,WTA,2008,Finale,26407,84627
Cincinnati,2009-W-PR-USA-04A-2009,R64,74,1047,00.00.0000-00.00.0000,WTA,2009,2. Runde,1239,84628
Cincinnati,2009-W-PR-USA-04A-2009,R32,74,1047,00.00.0000-00.00.0000,WTA,2009,3. Runde,1239,84629
Cincinnati,2009-W-PR-USA-04A-2009,R16,74,1047,00.00.0000-00.00.0000,WTA,2009,Achtelfinale,1239,84630
Cincinnati,2009-W-PR-USA-04A-2009,QF,74,1047,00.00.0000-00.00.0000,WTA,2009,Viertelfinale,1239,84631
Cincinnati,2009-W-PR-USA-04A-2009,SF,74,1047,00.00.0000-00.00.0000,WTA,2009,Halbfinale,1239,84632
Cincinnati,2009-W-PR-USA-04A-2009,F,74,1047,00.00.0000-00.00.0000,WTA,2009,Finale,1239,84633
Cincinnati,2010-W-PR-USA-04A-2010,R64,120,1047,00.00.0000-00.00.0000,WTA,2010,2. Runde,2129,84634
Cincinnati,2010-W-PR-USA-04A-2010,R32,120,1047,00.00.0000-00.00.0000,WTA,2010,3. Runde,2129,84635
Cincinnati,2010-W-PR-USA-04A-2010,R16,120,1047,00.00.0000-00.00.0000,WTA,2010,Achtelfinale,2129,19588
Cincinnati,2010-W-PR-USA-04A-2010,QF,120,1047,00.00.0000-00.00.0000,WTA,2010,Viertelfinale,2129,19595
Cincinnati,2010-W-PR-USA-04A-2010,SF,120,1047,00.00.0000-00.00.0000,WTA,2010,Halbfinale,2129,19601
Cincinnati,2010-W-PR-USA-04A-2010,F,120,1047,00.00.0000-00.00.0000,WTA,2010,Finale,2129,19605
Dubai Open,2010-W-PR-UAE-01A-2010,R64,120,986,00.00.0000-00.00.0000,WTA,2010,2. Runde,2129,84634
Dubai Open,2010-W-PR-UAE-01A-2010,R32,120,986,00.00.0000-00.00.0000,WTA,2010,3. Runde,2129,84641
Dubai Open,2010-W-PR-UAE-01A-2010,R16,120,986,00.00.0000-00.00.0000,WTA,2010,Achtelfinale,2129,19588
Dubai Open,2010-W-PR-UAE-01A-2010,QF,120,986,00.00.0000-00.00.0000,WTA,2010,Viertelfinale,2129,19595
Dubai Open,2010-W-PR-UAE-01A-2010,SF,120,986,00.00.0000-00.00.0000,WTA,2010,Halbfinale,2129,19601
Dubai Open,2010-W-PR-UAE-01A-2010,F,120,986,00.00.0000-00.00.0000,WTA,2010,Finale,2129,19605
Indian Wells,1989-W-WT-USA-06A-1989,R32,2198,996,00.00.0000-00.00.0000,WTA,1989,3. Runde,26410,84646
Indian Wells,1989-W-WT-USA-06A-1989,R16,2198,996,00.00.0000-00.00.0000,WTA,1989,Achtelfinale,26410,84647
Indian Wells,1989-W-WT-USA-06A-1989,QF,2198,996,00.00.0000-00.00.0000,WTA,1989,Viertelfinale,26410,84648
Indian Wells,1989-W-WT-USA-06A-1989,SF,2198,996,00.00.0000-00.00.0000,WTA,1989,Halbfinale,26410,84649
Indian Wells,1989-W-WT-USA-06A-1989,F,2198,996,00.00.0000-00.00.0000,WTA,1989,Finale,26410,84650
Indian Wells,1990-W-WT-USA-05A-1990,R64,2199,996,00.00.0000-00.00.0000,WTA,1990,2. Runde,26411,84651
Indian Wells,1990-W-WT-USA-05A-1990,R32,2199,996,00.00.0000-00.00.0000,WTA,1990,3. Runde,26411,84652
Indian Wells,1990-W-WT-USA-05A-1990,R16,2199,996,00.00.0000-00.00.0000,WTA,1990,Achtelfinale,26411,84653
Indian Wells,1990-W-WT-USA-05A-1990,QF,2199,996,00.00.0000-00.00.0000,WTA,1990,Viertelfinale,26411,84654
Indian Wells,1990-W-WT-USA-05A-1990,SF,2199,996,00.00.0000-00.00.0000,WTA,1990,Halbfinale,26411,84655
Indian Wells,1990-W-WT-USA-05A-1990,F,2199,996,00.00.0000-00.00.0000,WTA,1990,Finale,26411,84656
Indian Wells,1992-W-WT-USA-03A-1992,R64,2201,996,00.00.0000-00.00.0000,WTA,1992,2. Runde,26412,84657
Indian Wells,1992-W-WT-USA-03A-1992,R32,2201,996,00.00.0000-00.00.0000,WTA,1992,3. Runde,26412,84658
Indian Wells,1992-W-WT-USA-03A-1992,R16,2201,996,00.00.0000-00.00.0000,WTA,1992,Achtelfinale,26412,84659
Indian Wells,1992-W-WT-USA-03A-1992,QF,2201,996,00.00.0000-00.00.0000,WTA,1992,Viertelfinale,26412,84660
Indian Wells,1992-W-WT-USA-03A-1992,SF,2201,996,00.00.0000-00.00.0000,WTA,1992,Halbfinale,26412,84661
Indian Wells,1992-W-WT-USA-03A-1992,F,2201,996,00.00.0000-00.00.0000,WTA,1992,Finale,26412,84662
Indian Wells,1993-W-WT-USA-03A-1993,R64,2202,996,00.00.0000-00.00.0000,WTA,1993,2. Runde,26413,84663
Indian Wells,1993-W-WT-USA-03A-1993,R32,2202,996,00.00.0000-00.00.0000,WTA,1993,3. Runde,26413,84664
Indian Wells,1993-W-WT-USA-03A-1993,R16,2202,996,00.00.0000-00.00.0000,WTA,1993,Achtelfinale,26413,84665
Indian Wells,1993-W-WT-USA-03A-1993,QF,2202,996,00.00.0000-00.00.0000,WTA,1993,Viertelfinale,26413,84666
Indian Wells,1993-W-WT-USA-03A-1993,SF,2202,996,00.00.0000-00.00.0000,WTA,1993,Halbfinale,26413,84667
Indian Wells,1993-W-WT-USA-03A-1993,F,2202,996,00.00.0000-00.00.0000,WTA,1993,Finale,26413,84668
Indian Wells,1994-W-WT-USA-03A-1994,R32,2203,996,00.00.0000-00.00.0000,WTA,1994,3. Runde,26414,84669
Indian Wells,1994-W-WT-USA-03A-1994,R16,2203,996,00.00.0000-00.00.0000,WTA,1994,Achtelfinale,26414,84670
Indian Wells,1994-W-WT-USA-03A-1994,QF,2203,996,00.00.0000-00.00.0000,WTA,1994,Viertelfinale,26414,84671
Indian Wells,1994-W-WT-USA-03A-1994,SF,2203,996,00.00.0000-00.00.0000,WTA,1994,Halbfinale,26414,84672
Indian Wells,1994-W-WT-USA-03A-1994,F,2203,996,00.00.0000-00.00.0000,WTA,1994,Finale,26414,84673
Indian Wells,1995-W-WT-USA-03A-1995,R32,2204,996,00.00.0000-00.00.0000,WTA,1995,3. Runde,26415,84674
Indian Wells,1995-W-WT-USA-03A-1995,R16,2204,996,00.00.0000-00.00.0000,WTA,1995,Achtelfinale,26415,84675
Indian Wells,1995-W-WT-USA-03A-1995,QF,2204,996,00.00.0000-00.00.0000,WTA,1995,Viertelfinale,26415,84676
Indian Wells,1995-W-WT-USA-03A-1995,SF,2204,996,00.00.0000-00.00.0000,WTA,1995,Halbfinale,26415,84677
Indian Wells,1995-W-WT-USA-03A-1995,F,2204,996,00.00.0000-00.00.0000,WTA,1995,Finale,26415,84678
Indian Wells,1996-W-WT-USA-02A-1996,R64,2205,996,00.00.0000-00.00.0000,WTA,1996,2. Runde,26416,84679
Indian Wells,1996-W-WT-USA-02A-1996,R32,2205,996,00.00.0000-00.00.0000,WTA,1996,3. Runde,26416,84680
Indian Wells,1996-W-WT-USA-02A-1996,R16,2205,996,00.00.0000-00.00.0000,WTA,1996,Achtelfinale,26416,84681
Indian Wells,1996-W-WT-USA-02A-1996,QF,2205,996,00.00.0000-00.00.0000,WTA,1996,Viertelfinale,26416,84682
Indian Wells,1996-W-WT-USA-02A-1996,SF,2205,996,00.00.0000-00.00.0000,WTA,1996,Halbfinale,26416,84683
Indian Wells,1996-W-WT-USA-02A-1996,F,2205,996,00.00.0000-00.00.0000,WTA,1996,Finale,26416,84684
Indian Wells,1997-W-WT-USA-02A-1997,R64,2206,996,00.00.0000-00.00.0000,WTA,1997,2. Runde,26417,84685
Indian Wells,1997-W-WT-USA-02A-1997,R32,2206,996,00.00.0000-00.00.0000,WTA,1997,3. Runde,26417,84686
Indian Wells,1997-W-WT-USA-02A-1997,R16,2206,996,00.00.0000-00.00.0000,WTA,1997,Achtelfinale,26417,84687
Indian Wells,1997-W-WT-USA-02A-1997,QF,2206,996,00.00.0000-00.00.0000,WTA,1997,Viertelfinale,26417,84688
Indian Wells,1997-W-WT-USA-02A-1997,SF,2206,996,00.00.0000-00.00.0000,WTA,1997,Halbfinale,26417,84689
Indian Wells,1997-W-WT-USA-02A-1997,F,2206,996,00.00.0000-00.00.0000,WTA,1997,Finale,26417,84690
Indian Wells,1998-W-WT-USA-02A-1998,R64,2207,996,00.00.0000-00.00.0000,WTA,1998,2. Runde,26418,84691
Indian Wells,1998-W-WT-USA-02A-1998,R32,2207,996,00.00.0000-00.00.0000,WTA,1998,3. Runde,26418,84692
Indian Wells,1998-W-WT-USA-02A-1998,R16,2207,996,00.00.0000-00.00.0000,WTA,1998,Achtelfinale,26418,84693
Indian Wells,1998-W-WT-USA-02A-1998,QF,2207,996,00.00.0000-00.00.0000,WTA,1998,Viertelfinale,26418,84694
Indian Wells,1998-W-WT-USA-02A-1998,SF,2207,996,00.00.0000-00.00.0000,WTA,1998,Halbfinale,26418,84695
Indian Wells,1998-W-WT-USA-02A-1998,F,2207,996,00.00.0000-00.00.0000,WTA,1998,Finale,26418,84696
Indian Wells,1999-W-WT-USA-02A-1999,R64,2208,996,00.00.0000-00.00.0000,WTA,1999,2. Runde,26419,84697
Indian Wells,1999-W-WT-USA-02A-1999,R32,2208,996,00.00.0000-00.00.0000,WTA,1999,3. Runde,26419,84698
Indian Wells,1999-W-WT-USA-02A-1999,R16,2208,996,00.00.0000-00.00.0000,WTA,1999,Achtelfinale,26419,84699
Indian Wells,1999-W-WT-USA-02A-1999,QF,2208,996,00.00.0000-00.00.0000,WTA,1999,Viertelfinale,26419,84700
Indian Wells,1999-W-WT-USA-02A-1999,SF,2208,996,00.00.0000-00.00.0000,WTA,1999,Halbfinale,26419,84701
Indian Wells,1999-W-WT-USA-02A-1999,F,2208,996,00.00.0000-00.00.0000,WTA,1999,Finale,26419,84702
Indian Wells,2000-W-T1-USA-01A-2000,R128,2209,996,00.00.0000-00.00.0000,WTA,2000,1. Runde,26420,84703
Indian Wells,2000-W-T1-USA-01A-2000,R64,2209,996,00.00.0000-00.00.0000,WTA,2000,2. Runde,26420,84704
Indian Wells,2000-W-T1-USA-01A-2000,R32,2209,996,00.00.0000-00.00.0000,WTA,2000,3. Runde,26420,84705
Indian Wells,2000-W-T1-USA-01A-2000,R16,2209,996,00.00.0000-00.00.0000,WTA,2000,Achtelfinale,26420,84706
Indian Wells,2000-W-T1-USA-01A-2000,QF,2209,996,00.00.0000-00.00.0000,WTA,2000,Viertelfinale,26420,84707
Indian Wells,2000-W-T1-USA-01A-2000,SF,2209,996,00.00.0000-00.00.0000,WTA,2000,Halbfinale,26420,84708
Indian Wells,2000-W-T1-USA-01A-2000,F,2209,996,00.00.0000-00.00.0000,WTA,2000,Finale,26420,84709
Indian Wells,2001-W-T1-USA-01A-2001,R128,2210,996,00.00.0000-00.00.0000,WTA,2001,1. Runde,26421,84710
Indian Wells,2001-W-T1-USA-01A-2001,R64,2210,996,00.00.0000-00.00.0000,WTA,2001,2. Runde,26421,84711
Indian Wells,2001-W-T1-USA-01A-2001,R32,2210,996,00.00.0000-00.00.0000,WTA,2001,3. Runde,26421,84712
Indian Wells,2001-W-T1-USA-01A-2001,R16,2210,996,00.00.0000-00.00.0000,WTA,2001,Achtelfinale,26421,84713
Indian Wells,2001-W-T1-USA-01A-2001,QF,2210,996,00.00.0000-00.00.0000,WTA,2001,Viertelfinale,26421,84714
Indian Wells,2001-W-T1-USA-01A-2001,SF,2210,996,00.00.0000-00.00.0000,WTA,2001,Halbfinale,26421,84715
Indian Wells,2001-W-T1-USA-01A-2001,F,2210,996,00.00.0000-00.00.0000,WTA,2001,Finale,26421,84716
Indian Wells,2002-W-T1-USA-01A-2002,R128,2211,996,00.00.0000-00.00.0000,WTA,2002,1. Runde,26422,84717
Indian Wells,2002-W-T1-USA-01A-2002,R64,2211,996,00.00.0000-00.00.0000,WTA,2002,2. Runde,26422,84718
Indian Wells,2002-W-T1-USA-01A-2002,R32,2211,996,00.00.0000-00.00.0000,WTA,2002,3. Runde,26422,84719
Indian Wells,2002-W-T1-USA-01A-2002,R16,2211,996,00.00.0000-00.00.0000,WTA,2002,Achtelfinale,26422,84720
Indian Wells,2002-W-T1-USA-01A-2002,QF,2211,996,00.00.0000-00.00.0000,WTA,2002,Viertelfinale,26422,84721
Indian Wells,2002-W-T1-USA-01A-2002,SF,2211,996,00.00.0000-00.00.0000,WTA,2002,Halbfinale,26422,84722
Indian Wells,2002-W-T1-USA-01A-2002,F,2211,996,00.00.0000-00.00.0000,WTA,2002,Finale,26422,84723
Indian Wells,2003-W-T1-USA-01A-2003,R128,2212,996,00.00.0000-00.00.0000,WTA,2003,1. Runde,26423,84724
Indian Wells,2003-W-T1-USA-01A-2003,R64,2212,996,00.00.0000-00.00.0000,WTA,2003,2. Runde,26423,84725
Indian Wells,2003-W-T1-USA-01A-2003,R32,2212,996,00.00.0000-00.00.0000,WTA,2003,3. Runde,26423,84726
Indian Wells,2003-W-T1-USA-01A-2003,R16,2212,996,00.00.0000-00.00.0000,WTA,2003,Achtelfinale,26423,84727
Indian Wells,2003-W-T1-USA-01A-2003,QF,2212,996,00.00.0000-00.00.0000,WTA,2003,Viertelfinale,26423,84728
Indian Wells,2003-W-T1-USA-01A-2003,SF,2212,996,00.00.0000-00.00.0000,WTA,2003,Halbfinale,26423,84729
Indian Wells,2003-W-T1-USA-01A-2003,F,2212,996,00.00.0000-00.00.0000,WTA,2003,Finale,26423,84730
Indian Wells,2004-W-T1-USA-01A-2004,R128,2213,996,00.00.0000-00.00.0000,WTA,2004,1. Runde,26424,84731
Indian Wells,2004-W-T1-USA-01A-2004,R64,2213,996,00.00.0000-00.00.0000,WTA,2004,2. Runde,26424,84732
Indian Wells,2004-W-T1-USA-01A-2004,R32,2213,996,00.00.0000-00.00.0000,WTA,2004,3. Runde,26424,84733
Indian Wells,2004-W-T1-USA-01A-2004,R16,2213,996,00.00.0000-00.00.0000,WTA,2004,Achtelfinale,26424,84734
Indian Wells,2004-W-T1-USA-01A-2004,QF,2213,996,00.00.0000-00.00.0000,WTA,2004,Viertelfinale,26424,84735
Indian Wells,2004-W-T1-USA-01A-2004,SF,2213,996,00.00.0000-00.00.0000,WTA,2004,Halbfinale,26424,84736
Indian Wells,2004-W-T1-USA-01A-2004,F,2213,996,00.00.0000-00.00.0000,WTA,2004,Finale,26424,84737
Indian Wells,2005-W-T1-USA-01A-2005,R128,2214,996,00.00.0000-00.00.0000,WTA,2005,1. Runde,26425,84738
Indian Wells,2005-W-T1-USA-01A-2005,R64,2214,996,00.00.0000-00.00.0000,WTA,2005,2. Runde,26425,84739
Indian Wells,2005-W-T1-USA-01A-2005,R32,2214,996,00.00.0000-00.00.0000,WTA,2005,3. Runde,26425,84740
Indian Wells,2005-W-T1-USA-01A-2005,R16,2214,996,00.00.0000-00.00.0000,WTA,2005,Achtelfinale,26425,84741
Indian Wells,2005-W-T1-USA-01A-2005,QF,2214,996,00.00.0000-00.00.0000,WTA,2005,Viertelfinale,26425,84742
Indian Wells,2005-W-T1-USA-01A-2005,SF,2214,996,00.00.0000-00.00.0000,WTA,2005,Halbfinale,26425,84743
Indian Wells,2005-W-T1-USA-01A-2005,F,2214,996,00.00.0000-00.00.0000,WTA,2005,Finale,26425,84744
Indian Wells,2006-W-T1-USA-01A-2006,R128,2215,996,00.00.0000-00.00.0000,WTA,2006,1. Runde,26426,84745
Indian Wells,2006-W-T1-USA-01A-2006,R64,2215,996,00.00.0000-00.00.0000,WTA,2006,2. Runde,26426,84746
Indian Wells,2006-W-T1-USA-01A-2006,R32,2215,996,00.00.0000-00.00.0000,WTA,2006,3. Runde,26426,84747
Indian Wells,2006-W-T1-USA-01A-2006,R16,2215,996,00.00.0000-00.00.0000,WTA,2006,Achtelfinale,26426,84748
Indian Wells,2006-W-T1-USA-01A-2006,QF,2215,996,00.00.0000-00.00.0000,WTA,2006,Viertelfinale,26426,84749
Indian Wells,2006-W-T1-USA-01A-2006,SF,2215,996,00.00.0000-00.00.0000,WTA,2006,Halbfinale,26426,84750
Indian Wells,2006-W-T1-USA-01A-2006,F,2215,996,00.00.0000-00.00.0000,WTA,2006,Finale,26426,84751
Indian Wells,2007-W-T1-USA-01A-2007,R128,2216,996,00.00.0000-00.00.0000,WTA,2007,1. Runde,26427,84752
Indian Wells,2007-W-T1-USA-01A-2007,R64,2216,996,00.00.0000-00.00.0000,WTA,2007,2. Runde,26427,84753
Indian Wells,2007-W-T1-USA-01A-2007,R32,2216,996,00.00.0000-00.00.0000,WTA,2007,3. Runde,26427,84754
Indian Wells,2007-W-T1-USA-01A-2007,R16,2216,996,00.00.0000-00.00.0000,WTA,2007,Achtelfinale,26427,84755
Indian Wells,2007-W-T1-USA-01A-2007,QF,2216,996,00.00.0000-00.00.0000,WTA,2007,Viertelfinale,26427,84756
Indian Wells,2007-W-T1-USA-01A-2007,SF,2216,996,00.00.0000-00.00.0000,WTA,2007,Halbfinale,26427,84757
Indian Wells,2007-W-T1-USA-01A-2007,F,2216,996,00.00.0000-00.00.0000,WTA,2007,Finale,26427,84758
Indian Wells,2008-W-T1-USA-01A-2008,R128,2217,996,00.00.0000-00.00.0000,WTA,2008,1. Runde,26428,84759
Indian Wells,2008-W-T1-USA-01A-2008,R64,2217,996,00.00.0000-00.00.0000,WTA,2008,2. Runde,26428,84760
Indian Wells,2008-W-T1-USA-01A-2008,R32,2217,996,00.00.0000-00.00.0000,WTA,2008,3. Runde,26428,84761
Indian Wells,2008-W-T1-USA-01A-2008,R16,2217,996,00.00.0000-00.00.0000,WTA,2008,Achtelfinale,26428,84762
Indian Wells,2008-W-T1-USA-01A-2008,QF,2217,996,00.00.0000-00.00.0000,WTA,2008,Viertelfinale,26428,84763
Indian Wells,2008-W-T1-USA-01A-2008,SF,2217,996,00.00.0000-00.00.0000,WTA,2008,Halbfinale,26428,84764
Indian Wells,2008-W-T1-USA-01A-2008,F,2217,996,00.00.0000-00.00.0000,WTA,2008,Finale,26428,84765
Indian Wells,2009-W-PM-USA-01A-2009,R128,74,996,00.00.0000-00.00.0000,WTA,2009,1. Runde,1187,84766
Indian Wells,2009-W-PM-USA-01A-2009,R64,74,996,00.00.0000-00.00.0000,WTA,2009,2. Runde,1187,84767
Indian Wells,2009-W-PM-USA-01A-2009,R32,74,996,00.00.0000-00.00.0000,WTA,2009,3. Runde,1187,84768
Indian Wells,2009-W-PM-USA-01A-2009,R16,74,996,00.00.0000-00.00.0000,WTA,2009,Achtelfinale,1187,84769
Indian Wells,2009-W-PM-USA-01A-2009,QF,74,996,00.00.0000-00.00.0000,WTA,2009,Viertelfinale,1187,84770
Indian Wells,2009-W-PM-USA-01A-2009,SF,74,996,00.00.0000-00.00.0000,WTA,2009,Halbfinale,1187,84771
Indian Wells,2009-W-PM-USA-01A-2009,F,74,996,00.00.0000-00.00.0000,WTA,2009,Finale,1187,84772
Indian Wells,2010-W-PM-USA-01A-2010,R128,120,996,00.00.0000-00.00.0000,WTA,2010,1. Runde,2073,84773
Indian Wells,2010-W-PM-USA-01A-2010,R64,120,996,00.00.0000-00.00.0000,WTA,2010,2. Runde,2073,84774
Indian Wells,2010-W-PM-USA-01A-2010,R32,120,996,00.00.0000-00.00.0000,WTA,2010,3. Runde,2073,84775
Indian Wells,2010-W-PM-USA-01A-2010,R16,120,996,00.00.0000-00.00.0000,WTA,2010,Achtelfinale,2073,84776
Indian Wells,2010-W-PM-USA-01A-2010,QF,120,996,00.00.0000-00.00.0000,WTA,2010,Viertelfinale,2073,84777
Indian Wells,2010-W-PM-USA-01A-2010,SF,120,996,00.00.0000-00.00.0000,WTA,2010,Halbfinale,2073,84778
Indian Wells,2010-W-PM-USA-01A-2010,F,120,996,00.00.0000-00.00.0000,WTA,2010,Finale,2073,84779
Key Biscayne,1985-W-WT-USA-04A-1985,R64,2194,998,00.00.0000-00.00.0000,WTA,1985,2. Runde,26431,84780
Key Biscayne,1985-W-WT-USA-04A-1985,R32,2194,998,00.00.0000-00.00.0000,WTA,1985,3. Runde,26431,84781
Key Biscayne,1985-W-WT-USA-04A-1985,R16,2194,998,00.00.0000-00.00.0000,WTA,1985,Achtelfinale,26431,84782
Key Biscayne,1985-W-WT-USA-04A-1985,QF,2194,998,00.00.0000-00.00.0000,WTA,1985,Viertelfinale,26431,84783
Key Biscayne,1985-W-WT-USA-04A-1985,SF,2194,998,00.00.0000-00.00.0000,WTA,1985,Halbfinale,26431,84784
Key Biscayne,1985-W-WT-USA-04A-1985,F,2194,998,00.00.0000-00.00.0000,WTA,1985,Finale,26431,84785
Key Biscayne,1986-W-WT-USA-04A-1986,R64,2195,998,00.00.0000-00.00.0000,WTA,1986,2. Runde,26432,84786
Key Biscayne,1986-W-WT-USA-04A-1986,R32,2195,998,00.00.0000-00.00.0000,WTA,1986,3. Runde,26432,84787
Key Biscayne,1986-W-WT-USA-04A-1986,R16,2195,998,00.00.0000-00.00.0000,WTA,1986,Achtelfinale,26432,84788
Key Biscayne,1986-W-WT-USA-04A-1986,QF,2195,998,00.00.0000-00.00.0000,WTA,1986,Viertelfinale,26432,84789
Key Biscayne,1986-W-WT-USA-04A-1986,SF,2195,998,00.00.0000-00.00.0000,WTA,1986,Halbfinale,26432,84790
Key Biscayne,1986-W-WT-USA-04A-1986,F,2195,998,00.00.0000-00.00.0000,WTA,1986,Finale,26432,84791
Key Biscayne,1987-W-WT-USA-05A-1987,R128,2196,998,00.00.0000-00.00.0000,WTA,1987,1. Runde,26433,84792
Key Biscayne,1987-W-WT-USA-05A-1987,R64,2196,998,00.00.0000-00.00.0000,WTA,1987,2. Runde,26433,84793
Key Biscayne,1987-W-WT-USA-05A-1987,R32,2196,998,00.00.0000-00.00.0000,WTA,1987,3. Runde,26433,84794
Key Biscayne,1987-W-WT-USA-05A-1987,R16,2196,998,00.00.0000-00.00.0000,WTA,1987,Achtelfinale,26433,84795
Key Biscayne,1987-W-WT-USA-05A-1987,QF,2196,998,00.00.0000-00.00.0000,WTA,1987,Viertelfinale,26433,84796
Key Biscayne,1987-W-WT-USA-05A-1987,SF,2196,998,00.00.0000-00.00.0000,WTA,1987,Halbfinale,26433,84797
Key Biscayne,1987-W-WT-USA-05A-1987,F,2196,998,00.00.0000-00.00.0000,WTA,1987,Finale,26433,84798
Key Biscayne,1988-W-WT-USA-08A-1988,R128,2197,998,00.00.0000-00.00.0000,WTA,1988,1. Runde,26434,84799
Key Biscayne,1988-W-WT-USA-08A-1988,R64,2197,998,00.00.0000-00.00.0000,WTA,1988,2. Runde,26434,84800
Key Biscayne,1988-W-WT-USA-08A-1988,R32,2197,998,00.00.0000-00.00.0000,WTA,1988,3. Runde,26434,84801
Key Biscayne,1988-W-WT-USA-08A-1988,R16,2197,998,00.00.0000-00.00.0000,WTA,1988,Achtelfinale,26434,84802
Key Biscayne,1988-W-WT-USA-08A-1988,QF,2197,998,00.00.0000-00.00.0000,WTA,1988,Viertelfinale,26434,84803
Key Biscayne,1988-W-WT-USA-08A-1988,SF,2197,998,00.00.0000-00.00.0000,WTA,1988,Halbfinale,26434,84804
Key Biscayne,1988-W-WT-USA-08A-1988,F,2197,998,00.00.0000-00.00.0000,WTA,1988,Finale,26434,84805
Key Biscayne,1989-W-WT-USA-08A-1989,R128,2198,998,00.00.0000-00.00.0000,WTA,1989,1. Runde,26435,84806
Key Biscayne,1989-W-WT-USA-08A-1989,R64,2198,998,00.00.0000-00.00.0000,WTA,1989,2. Runde,26435,84807
Key Biscayne,1989-W-WT-USA-08A-1989,R32,2198,998,00.00.0000-00.00.0000,WTA,1989,3. Runde,26435,84808
Key Biscayne,1989-W-WT-USA-08A-1989,R16,2198,998,00.00.0000-00.00.0000,WTA,1989,Achtelfinale,26435,84809
Key Biscayne,1989-W-WT-USA-08A-1989,QF,2198,998,00.00.0000-00.00.0000,WTA,1989,Viertelfinale,26435,84810
Key Biscayne,1989-W-WT-USA-08A-1989,SF,2198,998,00.00.0000-00.00.0000,WTA,1989,Halbfinale,26435,84811
Key Biscayne,1989-W-WT-USA-08A-1989,F,2198,998,00.00.0000-00.00.0000,WTA,1989,Finale,26435,84812
Key Biscayne,1990-W-WT-USA-07A-1990,R128,2199,998,00.00.0000-00.00.0000,WTA,1990,1. Runde,26436,84813
Key Biscayne,1990-W-WT-USA-07A-1990,R64,2199,998,00.00.0000-00.00.0000,WTA,1990,2. Runde,26436,84814
Key Biscayne,1990-W-WT-USA-07A-1990,R32,2199,998,00.00.0000-00.00.0000,WTA,1990,3. Runde,26436,84815
Key Biscayne,1990-W-WT-USA-07A-1990,R16,2199,998,00.00.0000-00.00.0000,WTA,1990,Achtelfinale,26436,84816
Key Biscayne,1990-W-WT-USA-07A-1990,QF,2199,998,00.00.0000-00.00.0000,WTA,1990,Viertelfinale,26436,84817
Key Biscayne,1990-W-WT-USA-07A-1990,SF,2199,998,00.00.0000-00.00.0000,WTA,1990,Halbfinale,26436,84818
Key Biscayne,1990-W-WT-USA-07A-1990,F,2199,998,00.00.0000-00.00.0000,WTA,1990,Finale,26436,84819
Key Biscayne,1991-W-WT-USA-06A-1991,R128,2200,998,00.00.0000-00.00.0000,WTA,1991,1. Runde,26437,84820
Key Biscayne,1991-W-WT-USA-06A-1991,R64,2200,998,00.00.0000-00.00.0000,WTA,1991,2. Runde,26437,84821
Key Biscayne,1991-W-WT-USA-06A-1991,R32,2200,998,00.00.0000-00.00.0000,WTA,1991,3. Runde,26437,84822
Key Biscayne,1991-W-WT-USA-06A-1991,R16,2200,998,00.00.0000-00.00.0000,WTA,1991,Achtelfinale,26437,84823
Key Biscayne,1991-W-WT-USA-06A-1991,QF,2200,998,00.00.0000-00.00.0000,WTA,1991,Viertelfinale,26437,84824
Key Biscayne,1991-W-WT-USA-06A-1991,SF,2200,998,00.00.0000-00.00.0000,WTA,1991,Halbfinale,26437,84825
Key Biscayne,1991-W-WT-USA-06A-1991,F,2200,998,00.00.0000-00.00.0000,WTA,1991,Finale,26437,84826
Key Biscayne,1992-W-WT-USA-05A-1992,R128,2201,998,00.00.0000-00.00.0000,WTA,1992,1. Runde,26438,84827
Key Biscayne,1992-W-WT-USA-05A-1992,R64,2201,998,00.00.0000-00.00.0000,WTA,1992,2. Runde,26438,84828
Key Biscayne,1992-W-WT-USA-05A-1992,R32,2201,998,00.00.0000-00.00.0000,WTA,1992,3. Runde,26438,84829
Key Biscayne,1992-W-WT-USA-05A-1992,R16,2201,998,00.00.0000-00.00.0000,WTA,1992,Achtelfinale,26438,84830
Key Biscayne,1992-W-WT-USA-05A-1992,QF,2201,998,00.00.0000-00.00.0000,WTA,1992,Viertelfinale,26438,84831
Key Biscayne,1992-W-WT-USA-05A-1992,SF,2201,998,00.00.0000-00.00.0000,WTA,1992,Halbfinale,26438,84832
Key Biscayne,1992-W-WT-USA-05A-1992,F,2201,998,00.00.0000-00.00.0000,WTA,1992,Finale,26438,84833
Key Biscayne,1993-W-WT-USA-05A-1993,R128,2202,998,00.00.0000-00.00.0000,WTA,1993,1. Runde,26439,84834
Key Biscayne,1993-W-WT-USA-05A-1993,R64,2202,998,00.00.0000-00.00.0000,WTA,1993,2. Runde,26439,84835
Key Biscayne,1993-W-WT-USA-05A-1993,R32,2202,998,00.00.0000-00.00.0000,WTA,1993,3. Runde,26439,84836
Key Biscayne,1993-W-WT-USA-05A-1993,R16,2202,998,00.00.0000-00.00.0000,WTA,1993,Achtelfinale,26439,84837
Key Biscayne,1993-W-WT-USA-05A-1993,QF,2202,998,00.00.0000-00.00.0000,WTA,1993,Viertelfinale,26439,84838
Key Biscayne,1993-W-WT-USA-05A-1993,SF,2202,998,00.00.0000-00.00.0000,WTA,1993,Halbfinale,26439,84839
Key Biscayne,1993-W-WT-USA-05A-1993,F,2202,998,00.00.0000-00.00.0000,WTA,1993,Finale,26439,84840
Key Biscayne,1994-W-WT-USA-05A-1994,R128,2203,998,00.00.0000-00.00.0000,WTA,1994,1. Runde,26440,84841
Key Biscayne,1994-W-WT-USA-05A-1994,R64,2203,998,00.00.0000-00.00.0000,WTA,1994,2. Runde,26440,84842
Key Biscayne,1994-W-WT-USA-05A-1994,R32,2203,998,00.00.0000-00.00.0000,WTA,1994,3. Runde,26440,84843
Key Biscayne,1994-W-WT-USA-05A-1994,R16,2203,998,00.00.0000-00.00.0000,WTA,1994,Achtelfinale,26440,84844
Key Biscayne,1994-W-WT-USA-05A-1994,QF,2203,998,00.00.0000-00.00.0000,WTA,1994,Viertelfinale,26440,84845
Key Biscayne,1994-W-WT-USA-05A-1994,SF,2203,998,00.00.0000-00.00.0000,WTA,1994,Halbfinale,26440,84846
Key Biscayne,1994-W-WT-USA-05A-1994,F,2203,998,00.00.0000-00.00.0000,WTA,1994,Finale,26440,84847
Key Biscayne,1995-W-WT-USA-05A-1995,R128,2204,998,00.00.0000-00.00.0000,WTA,1995,1. Runde,26441,84848
Key Biscayne,1995-W-WT-USA-05A-1995,R64,2204,998,00.00.0000-00.00.0000,WTA,1995,2. Runde,26441,84849
Key Biscayne,1995-W-WT-USA-05A-1995,R32,2204,998,00.00.0000-00.00.0000,WTA,1995,3. Runde,26441,84850
Key Biscayne,1995-W-WT-USA-05A-1995,R16,2204,998,00.00.0000-00.00.0000,WTA,1995,Achtelfinale,26441,84851
Key Biscayne,1995-W-WT-USA-05A-1995,QF,2204,998,00.00.0000-00.00.0000,WTA,1995,Viertelfinale,26441,84852
Key Biscayne,1995-W-WT-USA-05A-1995,SF,2204,998,00.00.0000-00.00.0000,WTA,1995,Halbfinale,26441,84853
Key Biscayne,1995-W-WT-USA-05A-1995,F,2204,998,00.00.0000-00.00.0000,WTA,1995,Finale,26441,84854
Key Biscayne,1996-W-WT-USA-03A-1996,R128,2205,998,00.00.0000-00.00.0000,WTA,1996,1. Runde,26442,84855
Key Biscayne,1996-W-WT-USA-03A-1996,R64,2205,998,00.00.0000-00.00.0000,WTA,1996,2. Runde,26442,84856
Key Biscayne,1996-W-WT-USA-03A-1996,R32,2205,998,00.00.0000-00.00.0000,WTA,1996,3. Runde,26442,84857
Key Biscayne,1996-W-WT-USA-03A-1996,R16,2205,998,00.00.0000-00.00.0000,WTA,1996,Achtelfinale,26442,84858
Key Biscayne,1996-W-WT-USA-03A-1996,QF,2205,998,00.00.0000-00.00.0000,WTA,1996,Viertelfinale,26442,84859
Key Biscayne,1996-W-WT-USA-03A-1996,SF,2205,998,00.00.0000-00.00.0000,WTA,1996,Halbfinale,26442,84860
Key Biscayne,1996-W-WT-USA-03A-1996,F,2205,998,00.00.0000-00.00.0000,WTA,1996,Finale,26442,84861
Key Biscayne,1997-W-WT-USA-03A-1997,R128,2206,998,00.00.0000-00.00.0000,WTA,1997,1. Runde,26443,84862
Key Biscayne,1997-W-WT-USA-03A-1997,R64,2206,998,00.00.0000-00.00.0000,WTA,1997,2. Runde,26443,84863
Key Biscayne,1997-W-WT-USA-03A-1997,R32,2206,998,00.00.0000-00.00.0000,WTA,1997,3. Runde,26443,84864
Key Biscayne,1997-W-WT-USA-03A-1997,R16,2206,998,00.00.0000-00.00.0000,WTA,1997,Achtelfinale,26443,84865
Key Biscayne,1997-W-WT-USA-03A-1997,QF,2206,998,00.00.0000-00.00.0000,WTA,1997,Viertelfinale,26443,84866
Key Biscayne,1997-W-WT-USA-03A-1997,SF,2206,998,00.00.0000-00.00.0000,WTA,1997,Halbfinale,26443,84867
Key Biscayne,1997-W-WT-USA-03A-1997,F,2206,998,00.00.0000-00.00.0000,WTA,1997,Finale,26443,84868
Key Biscayne,1998-W-WT-USA-03A-1998,R128,2207,998,00.00.0000-00.00.0000,WTA,1998,1. Runde,26444,84869
Key Biscayne,1998-W-WT-USA-03A-1998,R64,2207,998,00.00.0000-00.00.0000,WTA,1998,2. Runde,26444,84870
Key Biscayne,1998-W-WT-USA-03A-1998,R32,2207,998,00.00.0000-00.00.0000,WTA,1998,3. Runde,26444,84871
Key Biscayne,1998-W-WT-USA-03A-1998,R16,2207,998,00.00.0000-00.00.0000,WTA,1998,Achtelfinale,26444,84872
Key Biscayne,1998-W-WT-USA-03A-1998,QF,2207,998,00.00.0000-00.00.0000,WTA,1998,Viertelfinale,26444,84873
Key Biscayne,1998-W-WT-USA-03A-1998,SF,2207,998,00.00.0000-00.00.0000,WTA,1998,Halbfinale,26444,84874
Key Biscayne,1998-W-WT-USA-03A-1998,F,2207,998,00.00.0000-00.00.0000,WTA,1998,Finale,26444,84875
Key Biscayne,1999-W-WT-USA-03A-1999,R128,2208,998,00.00.0000-00.00.0000,WTA,1999,1. Runde,26445,84876
Key Biscayne,1999-W-WT-USA-03A-1999,R64,2208,998,00.00.0000-00.00.0000,WTA,1999,2. Runde,26445,84877
Key Biscayne,1999-W-WT-USA-03A-1999,R32,2208,998,00.00.0000-00.00.0000,WTA,1999,3. Runde,26445,84878
Key Biscayne,1999-W-WT-USA-03A-1999,R16,2208,998,00.00.0000-00.00.0000,WTA,1999,Achtelfinale,26445,84879
Key Biscayne,1999-W-WT-USA-03A-1999,QF,2208,998,00.00.0000-00.00.0000,WTA,1999,Viertelfinale,26445,84880
Key Biscayne,1999-W-WT-USA-03A-1999,SF,2208,998,00.00.0000-00.00.0000,WTA,1999,Halbfinale,26445,84881
Key Biscayne,1999-W-WT-USA-03A-1999,F,2208,998,00.00.0000-00.00.0000,WTA,1999,Finale,26445,84882
Madrid,1996-W-WT-ESP-01A-1996,R32,2205,1013,00.00.0000-00.00.0000,WTA,1996,3. Runde,26446,84883
Madrid,1996-W-WT-ESP-01A-1996,R16,2205,1013,00.00.0000-00.00.0000,WTA,1996,Achtelfinale,26446,84884
Madrid,1996-W-WT-ESP-01A-1996,QF,2205,1013,00.00.0000-00.00.0000,WTA,1996,Viertelfinale,26446,84885
Madrid,1996-W-WT-ESP-01A-1996,SF,2205,1013,00.00.0000-00.00.0000,WTA,1996,Halbfinale,26446,84886
Madrid,1996-W-WT-ESP-01A-1996,F,2205,1013,00.00.0000-00.00.0000,WTA,1996,Finale,26446,84887
Madrid,1997-W-WT-ESP-01A-1997,R32,2206,1013,00.00.0000-00.00.0000,WTA,1997,3. Runde,26447,84888
Madrid,1997-W-WT-ESP-01A-1997,R16,2206,1013,00.00.0000-00.00.0000,WTA,1997,Achtelfinale,26447,84889
Madrid,1997-W-WT-ESP-01A-1997,QF,2206,1013,00.00.0000-00.00.0000,WTA,1997,Viertelfinale,26447,84890
Madrid,1997-W-WT-ESP-01A-1997,SF,2206,1013,00.00.0000-00.00.0000,WTA,1997,Halbfinale,26447,84891
Madrid,1997-W-WT-ESP-01A-1997,F,2206,1013,00.00.0000-00.00.0000,WTA,1997,Finale,26447,84892
Madrid,1998-W-WT-ESP-01A-1998,R32,2207,1013,00.00.0000-00.00.0000,WTA,1998,3. Runde,26448,84893
Madrid,1998-W-WT-ESP-01A-1998,R16,2207,1013,00.00.0000-00.00.0000,WTA,1998,Achtelfinale,26448,84894
Madrid,1998-W-WT-ESP-01A-1998,QF,2207,1013,00.00.0000-00.00.0000,WTA,1998,Viertelfinale,26448,84895
Madrid,1998-W-WT-ESP-01A-1998,SF,2207,1013,00.00.0000-00.00.0000,WTA,1998,Halbfinale,26448,84896
Madrid,1998-W-WT-ESP-01A-1998,F,2207,1013,00.00.0000-00.00.0000,WTA,1998,Finale,26448,84897
Madrid,1999-W-WT-ESP-01A-1999,R32,2208,1013,00.00.0000-00.00.0000,WTA,1999,3. Runde,26449,84898
Madrid,1999-W-WT-ESP-01A-1999,R16,2208,1013,00.00.0000-00.00.0000,WTA,1999,Achtelfinale,26449,84899
Madrid,1999-W-WT-ESP-01A-1999,QF,2208,1013,00.00.0000-00.00.0000,WTA,1999,Viertelfinale,26449,84900
Madrid,1999-W-WT-ESP-01A-1999,SF,2208,1013,00.00.0000-00.00.0000,WTA,1999,Halbfinale,26449,84901
Madrid,1999-W-WT-ESP-01A-1999,F,2208,1013,00.00.0000-00.00.0000,WTA,1999,Finale,26449,84902
Madrid,2000-W-T3-ESP-01A-2000,R32,2209,1013,00.00.0000-00.00.0000,WTA,2000,3. Runde,26450,84903
Madrid,2000-W-T3-ESP-01A-2000,R16,2209,1013,00.00.0000-00.00.0000,WTA,2000,Achtelfinale,26450,84904
Madrid,2000-W-T3-ESP-01A-2000,QF,2209,1013,00.00.0000-00.00.0000,WTA,2000,Viertelfinale,26450,84905
Madrid,2000-W-T3-ESP-01A-2000,SF,2209,1013,00.00.0000-00.00.0000,WTA,2000,Halbfinale,26450,84906
Madrid,2000-W-T3-ESP-01A-2000,F,2209,1013,00.00.0000-00.00.0000,WTA,2000,Finale,26450,84907
Madrid,2001-W-T3-ESP-01A-2001,R32,2210,1013,00.00.0000-00.00.0000,WTA,2001,3. Runde,26451,84908
Madrid,2001-W-T3-ESP-01A-2001,R16,2210,1013,00.00.0000-00.00.0000,WTA,2001,Achtelfinale,26451,84909
Madrid,2001-W-T3-ESP-01A-2001,QF,2210,1013,00.00.0000-00.00.0000,WTA,2001,Viertelfinale,26451,84910
Madrid,2001-W-T3-ESP-01A-2001,SF,2210,1013,00.00.0000-00.00.0000,WTA,2001,Halbfinale,26451,84911
Madrid,2001-W-T3-ESP-01A-2001,F,2210,1013,00.00.0000-00.00.0000,WTA,2001,Finale,26451,84912
Madrid,2002-W-T3-ESP-01A-2002,R32,2211,1013,00.00.0000-00.00.0000,WTA,2002,3. Runde,26452,84913
Madrid,2002-W-T3-ESP-01A-2002,R16,2211,1013,00.00.0000-00.00.0000,WTA,2002,Achtelfinale,26452,84914
Madrid,2002-W-T3-ESP-01A-2002,QF,2211,1013,00.00.0000-00.00.0000,WTA,2002,Viertelfinale,26452,84915
Madrid,2002-W-T3-ESP-01A-2002,SF,2211,1013,00.00.0000-00.00.0000,WTA,2002,Halbfinale,26452,84916
Madrid,2002-W-T3-ESP-01A-2002,F,2211,1013,00.00.0000-00.00.0000,WTA,2002,Finale,26452,84917
Madrid,2003-W-T3-ESP-01A-2003,R32,2212,1013,00.00.0000-00.00.0000,WTA,2003,3. Runde,26453,84918
Madrid,2003-W-T3-ESP-01A-2003,R16,2212,1013,00.00.0000-00.00.0000,WTA,2003,Achtelfinale,26453,84919
Madrid,2003-W-T3-ESP-01A-2003,QF,2212,1013,00.00.0000-00.00.0000,WTA,2003,Viertelfinale,26453,84920
Madrid,2003-W-T3-ESP-01A-2003,SF,2212,1013,00.00.0000-00.00.0000,WTA,2003,Halbfinale,26453,84921
Madrid,2003-W-T3-ESP-01A-2003,F,2212,1013,00.00.0000-00.00.0000,WTA,2003,Finale,26453,84922
Madrid,2009-W-PM-ESP-01A-2009,R64,74,1013,00.00.0000-00.00.0000,WTA,2009,2. Runde,1205,84923
Madrid,2009-W-PM-ESP-01A-2009,R32,74,1013,00.00.0000-00.00.0000,WTA,2009,3. Runde,1205,84924
Madrid,2009-W-PM-ESP-01A-2009,R16,74,1013,00.00.0000-00.00.0000,WTA,2009,Achtelfinale,1205,84925
Madrid,2009-W-PM-ESP-01A-2009,QF,74,1013,00.00.0000-00.00.0000,WTA,2009,Viertelfinale,1205,84926
Madrid,2009-W-PM-ESP-01A-2009,SF,74,1013,00.00.0000-00.00.0000,WTA,2009,Halbfinale,1205,84927
Madrid,2009-W-PM-ESP-01A-2009,F,74,1013,00.00.0000-00.00.0000,WTA,2009,Finale,1205,84928
Madrid,2010-W-PM-ESP-01A-2010,R64,120,1013,00.00.0000-00.00.0000,WTA,2010,2. Runde,2093,84929
Madrid,2010-W-PM-ESP-01A-2010,R32,120,1013,00.00.0000-00.00.0000,WTA,2010,3. Runde,2093,84930
Madrid,2010-W-PM-ESP-01A-2010,R16,120,1013,00.00.0000-00.00.0000,WTA,2010,Achtelfinale,2093,9124
Madrid,2010-W-PM-ESP-01A-2010,QF,120,1013,00.00.0000-00.00.0000,WTA,2010,Viertelfinale,2093,9143
Madrid,2010-W-PM-ESP-01A-2010,SF,120,1013,00.00.0000-00.00.0000,WTA,2010,Halbfinale,2093,9150
Madrid,2010-W-PM-ESP-01A-2010,F,120,1013,00.00.0000-00.00.0000,WTA,2010,Finale,2093,9153
Perugia,1980-W-WT-ITA-01A-1980,R64,2189,1009,00.00.0000-00.00.0000,WTA,1980,2. Runde,26456,84935
Perugia,1980-W-WT-ITA-01A-1980,3,2189,1009,00.00.0000-00.00.0000,WTA,1980,unbekannt,26456,84936
Perugia,1980-W-WT-ITA-01A-1980,R32,2189,1009,00.00.0000-00.00.0000,WTA,1980,3. Runde,26456,84937
Perugia,1980-W-WT-ITA-01A-1980,R16,2189,1009,00.00.0000-00.00.0000,WTA,1980,Achtelfinale,26456,84938
Perugia,1980-W-WT-ITA-01A-1980,QF,2189,1009,00.00.0000-00.00.0000,WTA,1980,Viertelfinale,26456,84939
Perugia,1980-W-WT-ITA-01A-1980,SF,2189,1009,00.00.0000-00.00.0000,WTA,1980,Halbfinale,26456,84940
Perugia,1980-W-WT-ITA-01A-1980,F,2189,1009,00.00.0000-00.00.0000,WTA,1980,Finale,26456,84941
Perugia,1981-W-WT-ITA-01A-1981,R64,2190,1009,00.00.0000-00.00.0000,WTA,1981,2. Runde,26457,84942
Perugia,1981-W-WT-ITA-01A-1981,3,2190,1009,00.00.0000-00.00.0000,WTA,1981,unbekannt,26457,84943
Perugia,1981-W-WT-ITA-01A-1981,R32,2190,1009,00.00.0000-00.00.0000,WTA,1981,3. Runde,26457,84944
Perugia,1981-W-WT-ITA-01A-1981,R16,2190,1009,00.00.0000-00.00.0000,WTA,1981,Achtelfinale,26457,84945
Perugia,1981-W-WT-ITA-01A-1981,QF,2190,1009,00.00.0000-00.00.0000,WTA,1981,Viertelfinale,26457,84946
Perugia,1981-W-WT-ITA-01A-1981,SF,2190,1009,00.00.0000-00.00.0000,WTA,1981,Halbfinale,26457,84947
Perugia,1981-W-WT-ITA-01A-1981,F,2190,1009,00.00.0000-00.00.0000,WTA,1981,Finale,26457,84948
Perugia,1982-W-WT-ITA-01A-1982,R64,2191,1009,00.00.0000-00.00.0000,WTA,1982,2. Runde,26458,84949
Perugia,1982-W-WT-ITA-01A-1982,R32,2191,1009,00.00.0000-00.00.0000,WTA,1982,3. Runde,26458,84950
Perugia,1982-W-WT-ITA-01A-1982,R16,2191,1009,00.00.0000-00.00.0000,WTA,1982,Achtelfinale,26458,84951
Perugia,1982-W-WT-ITA-01A-1982,QF,2191,1009,00.00.0000-00.00.0000,WTA,1982,Viertelfinale,26458,84952
Perugia,1982-W-WT-ITA-01A-1982,SF,2191,1009,00.00.0000-00.00.0000,WTA,1982,Halbfinale,26458,84953
Perugia,1982-W-WT-ITA-01A-1982,F,2191,1009,00.00.0000-00.00.0000,WTA,1982,Finale,26458,84954
Perugia,1983-W-WT-ITA-01A-1983,R64,2192,1009,00.00.0000-00.00.0000,WTA,1983,2. Runde,26459,84955
Perugia,1983-W-WT-ITA-01A-1983,R32,2192,1009,00.00.0000-00.00.0000,WTA,1983,3. Runde,26459,84956
Perugia,1983-W-WT-ITA-01A-1983,R16,2192,1009,00.00.0000-00.00.0000,WTA,1983,Achtelfinale,26459,84957
Perugia,1983-W-WT-ITA-01A-1983,QF,2192,1009,00.00.0000-00.00.0000,WTA,1983,Viertelfinale,26459,84958
Perugia,1983-W-WT-ITA-01A-1983,SF,2192,1009,00.00.0000-00.00.0000,WTA,1983,Halbfinale,26459,84959
Perugia,1983-W-WT-ITA-01A-1983,F,2192,1009,00.00.0000-00.00.0000,WTA,1983,Finale,26459,84960
Perugia,1984-W-WT-ITA-01A-1984,R64,2193,1009,00.00.0000-00.00.0000,WTA,1984,2. Runde,26460,84961
Perugia,1984-W-WT-ITA-01A-1984,R32,2193,1009,00.00.0000-00.00.0000,WTA,1984,3. Runde,26460,84962
Perugia,1984-W-WT-ITA-01A-1984,R16,2193,1009,00.00.0000-00.00.0000,WTA,1984,Achtelfinale,26460,84963
Perugia,1984-W-WT-ITA-01A-1984,QF,2193,1009,00.00.0000-00.00.0000,WTA,1984,Viertelfinale,26460,84964
Perugia,1984-W-WT-ITA-01A-1984,SF,2193,1009,00.00.0000-00.00.0000,WTA,1984,Halbfinale,26460,84965
Perugia,1984-W-WT-ITA-01A-1984,F,2193,1009,00.00.0000-00.00.0000,WTA,1984,Finale,26460,84966
Perugia,1986-W-WT-ITA-01A-1986,R32,2195,1009,00.00.0000-00.00.0000,WTA,1986,3. Runde,26461,84967
Perugia,1986-W-WT-ITA-01A-1986,R16,2195,1009,00.00.0000-00.00.0000,WTA,1986,Achtelfinale,26461,84968
Perugia,1986-W-WT-ITA-01A-1986,QF,2195,1009,00.00.0000-00.00.0000,WTA,1986,Viertelfinale,26461,84969
Perugia,1986-W-WT-ITA-01A-1986,SF,2195,1009,00.00.0000-00.00.0000,WTA,1986,Halbfinale,26461,84970
Perugia,1986-W-WT-ITA-01A-1986,F,2195,1009,00.00.0000-00.00.0000,WTA,1986,Finale,26461,84971
Rome,1978-W-WT-ITA-01A-1978,R32,2187,1009,00.00.0000-00.00.0000,WTA,1978,3. Runde,26462,84972
Rome,1978-W-WT-ITA-01A-1978,R16,2187,1009,00.00.0000-00.00.0000,WTA,1978,Achtelfinale,26462,84973
Rome,1978-W-WT-ITA-01A-1978,QF,2187,1009,00.00.0000-00.00.0000,WTA,1978,Viertelfinale,26462,84974
Rome,1978-W-WT-ITA-01A-1978,SF,2187,1009,00.00.0000-00.00.0000,WTA,1978,Halbfinale,26462,84975
Rome,1978-W-WT-ITA-01A-1978,F,2187,1009,00.00.0000-00.00.0000,WTA,1978,Finale,26462,84976
Rome,1979-W-WT-ITA-01A-1979,R32,2188,1009,00.00.0000-00.00.0000,WTA,1979,3. Runde,26463,84977
Rome,1979-W-WT-ITA-01A-1979,R16,2188,1009,00.00.0000-00.00.0000,WTA,1979,Achtelfinale,26463,84978
Rome,1979-W-WT-ITA-01A-1979,QF,2188,1009,00.00.0000-00.00.0000,WTA,1979,Viertelfinale,26463,84979
Rome,1979-W-WT-ITA-01A-1979,SF,2188,1009,00.00.0000-00.00.0000,WTA,1979,Halbfinale,26463,84980
Rome,1979-W-WT-ITA-01A-1979,F,2188,1009,00.00.0000-00.00.0000,WTA,1979,Finale,26463,84981
Rome,1987-W-WT-ITA-01A-1987,R64,2196,1009,00.00.0000-00.00.0000,WTA,1987,2. Runde,26464,84982
Rome,1987-W-WT-ITA-01A-1987,R32,2196,1009,00.00.0000-00.00.0000,WTA,1987,3. Runde,26464,84983
Rome,1987-W-WT-ITA-01A-1987,R16,2196,1009,00.00.0000-00.00.0000,WTA,1987,Achtelfinale,26464,84984
Rome,1987-W-WT-ITA-01A-1987,QF,2196,1009,00.00.0000-00.00.0000,WTA,1987,Viertelfinale,26464,84985
Rome,1987-W-WT-ITA-01A-1987,SF,2196,1009,00.00.0000-00.00.0000,WTA,1987,Halbfinale,26464,84986
Rome,1987-W-WT-ITA-01A-1987,F,2196,1009,00.00.0000-00.00.0000,WTA,1987,Finale,26464,84987
Rome,1988-W-WT-ITA-02A-1988,R64,2197,1009,00.00.0000-00.00.0000,WTA,1988,2. Runde,26465,84988
Rome,1988-W-WT-ITA-02A-1988,R32,2197,1009,00.00.0000-00.00.0000,WTA,1988,3. Runde,26465,84989
Rome,1988-W-WT-ITA-02A-1988,R16,2197,1009,00.00.0000-00.00.0000,WTA,1988,Achtelfinale,26465,84990
Rome,1988-W-WT-ITA-02A-1988,QF,2197,1009,00.00.0000-00.00.0000,WTA,1988,Viertelfinale,26465,84991
Rome,1988-W-WT-ITA-02A-1988,SF,2197,1009,00.00.0000-00.00.0000,WTA,1988,Halbfinale,26465,84992
Rome,1988-W-WT-ITA-02A-1988,F,2197,1009,00.00.0000-00.00.0000,WTA,1988,Finale,26465,84993
Rome,1989-W-WT-ITA-02A-1989,R64,2198,1009,00.00.0000-00.00.0000,WTA,1989,2. Runde,26466,84994
Rome,1989-W-WT-ITA-02A-1989,R32,2198,1009,00.00.0000-00.00.0000,WTA,1989,3. Runde,26466,84995
Rome,1989-W-WT-ITA-02A-1989,R16,2198,1009,00.00.0000-00.00.0000,WTA,1989,Achtelfinale,26466,84996
Rome,1989-W-WT-ITA-02A-1989,QF,2198,1009,00.00.0000-00.00.0000,WTA,1989,Viertelfinale,26466,84997
Rome,1989-W-WT-ITA-02A-1989,SF,2198,1009,00.00.0000-00.00.0000,WTA,1989,Halbfinale,26466,84998
Rome,1989-W-WT-ITA-02A-1989,F,2198,1009,00.00.0000-00.00.0000,WTA,1989,Finale,26466,84999
Rome,1991-W-WT-ITA-02A-1991,R64,2200,1009,00.00.0000-00.00.0000,WTA,1991,2. Runde,26467,85000
Rome,1991-W-WT-ITA-02A-1991,R32,2200,1009,00.00.0000-00.00.0000,WTA,1991,3. Runde,26467,85001
Rome,1991-W-WT-ITA-02A-1991,R16,2200,1009,00.00.0000-00.00.0000,WTA,1991,Achtelfinale,26467,85002
Rome,1991-W-WT-ITA-02A-1991,QF,2200,1009,00.00.0000-00.00.0000,WTA,1991,Viertelfinale,26467,85003
Rome,1991-W-WT-ITA-02A-1991,SF,2200,1009,00.00.0000-00.00.0000,WTA,1991,Halbfinale,26467,85004
Rome,1991-W-WT-ITA-02A-1991,F,2200,1009,00.00.0000-00.00.0000,WTA,1991,Finale,26467,85005
Rome,1992-W-WT-ITA-03A-1992,R64,2201,1009,00.00.0000-00.00.0000,WTA,1992,2. Runde,26468,85006
Rome,1992-W-WT-ITA-03A-1992,R32,2201,1009,00.00.0000-00.00.0000,WTA,1992,3. Runde,26468,85007
Rome,1992-W-WT-ITA-03A-1992,R16,2201,1009,00.00.0000-00.00.0000,WTA,1992,Achtelfinale,26468,85008
Rome,1992-W-WT-ITA-03A-1992,QF,2201,1009,00.00.0000-00.00.0000,WTA,1992,Viertelfinale,26468,85009
Rome,1992-W-WT-ITA-03A-1992,SF,2201,1009,00.00.0000-00.00.0000,WTA,1992,Halbfinale,26468,85010
Rome,1992-W-WT-ITA-03A-1992,F,2201,1009,00.00.0000-00.00.0000,WTA,1992,Finale,26468,85011
Rome,1993-W-WT-ITA-02A-1993,R128,2202,1009,00.00.0000-00.00.0000,WTA,1993,1. Runde,26469,85012
Rome,1994-W-WT-ITA-02A-1994,R64,2203,1009,00.00.0000-00.00.0000,WTA,1994,2. Runde,26470,85013
Rome,1994-W-WT-ITA-02A-1994,R32,2203,1009,00.00.0000-00.00.0000,WTA,1994,3. Runde,26470,85014
Rome,1994-W-WT-ITA-02A-1994,R16,2203,1009,00.00.0000-00.00.0000,WTA,1994,Achtelfinale,26470,85015
Rome,1994-W-WT-ITA-02A-1994,QF,2203,1009,00.00.0000-00.00.0000,WTA,1994,Viertelfinale,26470,85016
Rome,1994-W-WT-ITA-02A-1994,SF,2203,1009,00.00.0000-00.00.0000,WTA,1994,Halbfinale,26470,85017
Rome,1994-W-WT-ITA-02A-1994,F,2203,1009,00.00.0000-00.00.0000,WTA,1994,Finale,26470,85018
Rome,1995-W-WT-ITA-01A-1995,R64,2204,1009,00.00.0000-00.00.0000,WTA,1995,2. Runde,26471,85019
Rome,1995-W-WT-ITA-01A-1995,R32,2204,1009,00.00.0000-00.00.0000,WTA,1995,3. Runde,26471,85020
Rome,1995-W-WT-ITA-01A-1995,R16,2204,1009,00.00.0000-00.00.0000,WTA,1995,Achtelfinale,26471,85021
Rome,1995-W-WT-ITA-01A-1995,QF,2204,1009,00.00.0000-00.00.0000,WTA,1995,Viertelfinale,26471,85022
Rome,1995-W-WT-ITA-01A-1995,SF,2204,1009,00.00.0000-00.00.0000,WTA,1995,Halbfinale,26471,85023
Rome,1995-W-WT-ITA-01A-1995,F,2204,1009,00.00.0000-00.00.0000,WTA,1995,Finale,26471,85024
Rome,1996-W-WT-ITA-01A-1996,R64,2205,1009,00.00.0000-00.00.0000,WTA,1996,2. Runde,26472,85025
Rome,1996-W-WT-ITA-01A-1996,R32,2205,1009,00.00.0000-00.00.0000,WTA,1996,3. Runde,26472,85026
Rome,1996-W-WT-ITA-01A-1996,R16,2205,1009,00.00.0000-00.00.0000,WTA,1996,Achtelfinale,26472,85027
Rome,1996-W-WT-ITA-01A-1996,QF,2205,1009,00.00.0000-00.00.0000,WTA,1996,Viertelfinale,26472,85028
Rome,1996-W-WT-ITA-01A-1996,SF,2205,1009,00.00.0000-00.00.0000,WTA,1996,Halbfinale,26472,85029
Rome,1996-W-WT-ITA-01A-1996,F,2205,1009,00.00.0000-00.00.0000,WTA,1996,Finale,26472,85030
Rome,1997-W-WT-ITA-01A-1997,R64,2206,1009,00.00.0000-00.00.0000,WTA,1997,2. Runde,26473,85031
Rome,1997-W-WT-ITA-01A-1997,R32,2206,1009,00.00.0000-00.00.0000,WTA,1997,3. Runde,26473,85032
Rome,1997-W-WT-ITA-01A-1997,R16,2206,1009,00.00.0000-00.00.0000,WTA,1997,Achtelfinale,26473,85033
Rome,1997-W-WT-ITA-01A-1997,QF,2206,1009,00.00.0000-00.00.0000,WTA,1997,Viertelfinale,26473,85034
Rome,1997-W-WT-ITA-01A-1997,SF,2206,1009,00.00.0000-00.00.0000,WTA,1997,Halbfinale,26473,85035
Rome,1997-W-WT-ITA-01A-1997,F,2206,1009,00.00.0000-00.00.0000,WTA,1997,Finale,26473,85036
Rome,1998-W-WT-ITA-01A-1998,R64,2207,1009,00.00.0000-00.00.0000,WTA,1998,2. Runde,26474,85037
Rome,1998-W-WT-ITA-01A-1998,R32,2207,1009,00.00.0000-00.00.0000,WTA,1998,3. Runde,26474,85038
Rome,1998-W-WT-ITA-01A-1998,R16,2207,1009,00.00.0000-00.00.0000,WTA,1998,Achtelfinale,26474,85039
Rome,1998-W-WT-ITA-01A-1998,QF,2207,1009,00.00.0000-00.00.0000,WTA,1998,Viertelfinale,26474,85040
Rome,1998-W-WT-ITA-01A-1998,SF,2207,1009,00.00.0000-00.00.0000,WTA,1998,Halbfinale,26474,85041
Rome,1998-W-WT-ITA-01A-1998,F,2207,1009,00.00.0000-00.00.0000,WTA,1998,Finale,26474,85042
Rome,1999-W-WT-ITA-01A-1999,R64,2208,1009,00.00.0000-00.00.0000,WTA,1999,2. Runde,26475,85043
Rome,1999-W-WT-ITA-01A-1999,R32,2208,1009,00.00.0000-00.00.0000,WTA,1999,3. Runde,26475,85044
Rome,1999-W-WT-ITA-01A-1999,R16,2208,1009,00.00.0000-00.00.0000,WTA,1999,Achtelfinale,26475,85045
Rome,1999-W-WT-ITA-01A-1999,QF,2208,1009,00.00.0000-00.00.0000,WTA,1999,Viertelfinale,26475,85046
Rome,1999-W-WT-ITA-01A-1999,SF,2208,1009,00.00.0000-00.00.0000,WTA,1999,Halbfinale,26475,85047
Rome,1999-W-WT-ITA-01A-1999,F,2208,1009,00.00.0000-00.00.0000,WTA,1999,Finale,26475,85048
Rome,2000-W-T1-ITA-01A-2000,R64,2209,1009,00.00.0000-00.00.0000,WTA,2000,2. Runde,26476,85049
Rome,2000-W-T1-ITA-01A-2000,R32,2209,1009,00.00.0000-00.00.0000,WTA,2000,3. Runde,26476,85050
Rome,2000-W-T1-ITA-01A-2000,R16,2209,1009,00.00.0000-00.00.0000,WTA,2000,Achtelfinale,26476,85051
Rome,2000-W-T1-ITA-01A-2000,QF,2209,1009,00.00.0000-00.00.0000,WTA,2000,Viertelfinale,26476,85052
Rome,2000-W-T1-ITA-01A-2000,SF,2209,1009,00.00.0000-00.00.0000,WTA,2000,Halbfinale,26476,85053
Rome,2000-W-T1-ITA-01A-2000,F,2209,1009,00.00.0000-00.00.0000,WTA,2000,Finale,26476,85054
Rome,2001-W-T1-ITA-01A-2001,R64,2210,1009,00.00.0000-00.00.0000,WTA,2001,2. Runde,26477,85055
Rome,2001-W-T1-ITA-01A-2001,R32,2210,1009,00.00.0000-00.00.0000,WTA,2001,3. Runde,26477,85056
Rome,2001-W-T1-ITA-01A-2001,R16,2210,1009,00.00.0000-00.00.0000,WTA,2001,Achtelfinale,26477,85057
Rome,2001-W-T1-ITA-01A-2001,QF,2210,1009,00.00.0000-00.00.0000,WTA,2001,Viertelfinale,26477,85058
Rome,2001-W-T1-ITA-01A-2001,SF,2210,1009,00.00.0000-00.00.0000,WTA,2001,Halbfinale,26477,85059
Rome,2001-W-T1-ITA-01A-2001,F,2210,1009,00.00.0000-00.00.0000,WTA,2001,Finale,26477,85060
Rome,2002-W-T1-ITA-01A-2002,R64,2211,1009,00.00.0000-00.00.0000,WTA,2002,2. Runde,26478,85061
Rome,2002-W-T1-ITA-01A-2002,R32,2211,1009,00.00.0000-00.00.0000,WTA,2002,3. Runde,26478,85062
Rome,2002-W-T1-ITA-01A-2002,R16,2211,1009,00.00.0000-00.00.0000,WTA,2002,Achtelfinale,26478,85063
Rome,2002-W-T1-ITA-01A-2002,QF,2211,1009,00.00.0000-00.00.0000,WTA,2002,Viertelfinale,26478,85064
Rome,2002-W-T1-ITA-01A-2002,SF,2211,1009,00.00.0000-00.00.0000,WTA,2002,Halbfinale,26478,85065
Rome,2002-W-T1-ITA-01A-2002,F,2211,1009,00.00.0000-00.00.0000,WTA,2002,Finale,26478,85066
Rome,2003-W-T1-ITA-01A-2003,R64,2212,1009,00.00.0000-00.00.0000,WTA,2003,2. Runde,26479,85067
Rome,2003-W-T1-ITA-01A-2003,R32,2212,1009,00.00.0000-00.00.0000,WTA,2003,3. Runde,26479,85068
Rome,2003-W-T1-ITA-01A-2003,R16,2212,1009,00.00.0000-00.00.0000,WTA,2003,Achtelfinale,26479,85069
Rome,2003-W-T1-ITA-01A-2003,QF,2212,1009,00.00.0000-00.00.0000,WTA,2003,Viertelfinale,26479,85070
Rome,2003-W-T1-ITA-01A-2003,SF,2212,1009,00.00.0000-00.00.0000,WTA,2003,Halbfinale,26479,85071
Rome,2003-W-T1-ITA-01A-2003,F,2212,1009,00.00.0000-00.00.0000,WTA,2003,Finale,26479,85072
Rome,2004-W-T1-ITA-01A-2004,R64,2213,1009,00.00.0000-00.00.0000,WTA,2004,2. Runde,26480,85073
Rome,2004-W-T1-ITA-01A-2004,R32,2213,1009,00.00.0000-00.00.0000,WTA,2004,3. Runde,26480,85074
Rome,2004-W-T1-ITA-01A-2004,R16,2213,1009,00.00.0000-00.00.0000,WTA,2004,Achtelfinale,26480,85075
Rome,2004-W-T1-ITA-01A-2004,QF,2213,1009,00.00.0000-00.00.0000,WTA,2004,Viertelfinale,26480,85076
Rome,2004-W-T1-ITA-01A-2004,SF,2213,1009,00.00.0000-00.00.0000,WTA,2004,Halbfinale,26480,85077
Rome,2004-W-T1-ITA-01A-2004,F,2213,1009,00.00.0000-00.00.0000,WTA,2004,Finale,26480,85078
Rome,2005-W-T1-ITA-01A-2005,R64,2214,1009,00.00.0000-00.00.0000,WTA,2005,2. Runde,26481,85079
Rome,2005-W-T1-ITA-01A-2005,R32,2214,1009,00.00.0000-00.00.0000,WTA,2005,3. Runde,26481,85080
Rome,2005-W-T1-ITA-01A-2005,R16,2214,1009,00.00.0000-00.00.0000,WTA,2005,Achtelfinale,26481,85081
Rome,2005-W-T1-ITA-01A-2005,QF,2214,1009,00.00.0000-00.00.0000,WTA,2005,Viertelfinale,26481,85082
Rome,2005-W-T1-ITA-01A-2005,SF,2214,1009,00.00.0000-00.00.0000,WTA,2005,Halbfinale,26481,85083
Rome,2005-W-T1-ITA-01A-2005,F,2214,1009,00.00.0000-00.00.0000,WTA,2005,Finale,26481,85084
Rome,2006-W-T1-ITA-01A-2006,R64,2215,1009,00.00.0000-00.00.0000,WTA,2006,2. Runde,26482,85085
Rome,2006-W-T1-ITA-01A-2006,R32,2215,1009,00.00.0000-00.00.0000,WTA,2006,3. Runde,26482,85086
Rome,2006-W-T1-ITA-01A-2006,R16,2215,1009,00.00.0000-00.00.0000,WTA,2006,Achtelfinale,26482,85087
Rome,2006-W-T1-ITA-01A-2006,QF,2215,1009,00.00.0000-00.00.0000,WTA,2006,Viertelfinale,26482,85088
Rome,2006-W-T1-ITA-01A-2006,SF,2215,1009,00.00.0000-00.00.0000,WTA,2006,Halbfinale,26482,85089
Rome,2006-W-T1-ITA-01A-2006,F,2215,1009,00.00.0000-00.00.0000,WTA,2006,Finale,26482,85090
Rome,2007-W-T1-ITA-01A-2007,R64,2216,1009,00.00.0000-00.00.0000,WTA,2007,2. Runde,26483,85091
Rome,2007-W-T1-ITA-01A-2007,R32,2216,1009,00.00.0000-00.00.0000,WTA,2007,3. Runde,26483,85092
Rome,2007-W-T1-ITA-01A-2007,R16,2216,1009,00.00.0000-00.00.0000,WTA,2007,Achtelfinale,26483,85093
Rome,2007-W-T1-ITA-01A-2007,QF,2216,1009,00.00.0000-00.00.0000,WTA,2007,Viertelfinale,26483,85094
Rome,2007-W-T1-ITA-01A-2007,SF,2216,1009,00.00.0000-00.00.0000,WTA,2007,Halbfinale,26483,85095
Rome,2007-W-T1-ITA-01A-2007,F,2216,1009,00.00.0000-00.00.0000,WTA,2007,Finale,26483,85096
Rome,2008-W-T1-ITA-01A-2008,R64,2217,1009,00.00.0000-00.00.0000,WTA,2008,2. Runde,26484,85097
Rome,2008-W-T1-ITA-01A-2008,R32,2217,1009,00.00.0000-00.00.0000,WTA,2008,3. Runde,26484,85098
Rome,2008-W-T1-ITA-01A-2008,R16,2217,1009,00.00.0000-00.00.0000,WTA,2008,Achtelfinale,26484,85099
Rome,2008-W-T1-ITA-01A-2008,QF,2217,1009,00.00.0000-00.00.0000,WTA,2008,Viertelfinale,26484,85100
Rome,2008-W-T1-ITA-01A-2008,SF,2217,1009,00.00.0000-00.00.0000,WTA,2008,Halbfinale,26484,85101
Rome,2008-W-T1-ITA-01A-2008,F,2217,1009,00.00.0000-00.00.0000,WTA,2008,Finale,26484,85102
Rome,2009-W-PR-ITA-01A-2009,R64,74,1009,00.00.0000-00.00.0000,WTA,2009,2. Runde,1201,85103
Rome,2009-W-PR-ITA-01A-2009,R32,74,1009,00.00.0000-00.00.0000,WTA,2009,3. Runde,1201,85104
Rome,2009-W-PR-ITA-01A-2009,R16,74,1009,00.00.0000-00.00.0000,WTA,2009,Achtelfinale,1201,85105
Rome,2009-W-PR-ITA-01A-2009,QF,74,1009,00.00.0000-00.00.0000,WTA,2009,Viertelfinale,1201,85106
Rome,2009-W-PR-ITA-01A-2009,SF,74,1009,00.00.0000-00.00.0000,WTA,2009,Halbfinale,1201,85107
Rome,2009-W-PR-ITA-01A-2009,F,74,1009,00.00.0000-00.00.0000,WTA,2009,Finale,1201,85108
Shanghai,2000-W-T4A-CHN-01A-2000,R32,2209,665,00.00.0000-00.00.0000,WTA,2000,3. Runde,26486,85109
Shanghai,2000-W-T4A-CHN-01A-2000,R16,2209,665,00.00.0000-00.00.0000,WTA,2000,Achtelfinale,26486,85110
Shanghai,2000-W-T4A-CHN-01A-2000,QF,2209,665,00.00.0000-00.00.0000,WTA,2000,Viertelfinale,26486,85111
Shanghai,2000-W-T4A-CHN-01A-2000,SF,2209,665,00.00.0000-00.00.0000,WTA,2000,Halbfinale,26486,85112
Shanghai,2000-W-T4A-CHN-01A-2000,F,2209,665,00.00.0000-00.00.0000,WTA,2000,Finale,26486,85113
Shanghai,2001-W-T4-CHN-01A-2001,R32,2210,665,00.00.0000-00.00.0000,WTA,2001,3. Runde,26487,85114
Shanghai,2001-W-T4-CHN-01A-2001,R16,2210,665,00.00.0000-00.00.0000,WTA,2001,Achtelfinale,26487,85115
Shanghai,2001-W-T4-CHN-01A-2001,QF,2210,665,00.00.0000-00.00.0000,WTA,2001,Viertelfinale,26487,85116
Shanghai,2001-W-T4-CHN-01A-2001,SF,2210,665,00.00.0000-00.00.0000,WTA,2001,Halbfinale,26487,85117
Shanghai,2001-W-T4-CHN-01A-2001,F,2210,665,00.00.0000-00.00.0000,WTA,2001,Finale,26487,85118
Shanghai,2002-W-T4-CHN-01A-2002,R32,2211,665,00.00.0000-00.00.0000,WTA,2002,3. Runde,26488,85119
Shanghai,2002-W-T4-CHN-01A-2002,R16,2211,665,00.00.0000-00.00.0000,WTA,2002,Achtelfinale,26488,85120
Shanghai,2002-W-T4-CHN-01A-2002,QF,2211,665,00.00.0000-00.00.0000,WTA,2002,Viertelfinale,26488,85121
Shanghai,2002-W-T4-CHN-01A-2002,SF,2211,665,00.00.0000-00.00.0000,WTA,2002,Halbfinale,26488,85122
Shanghai,2002-W-T4-CHN-01A-2002,F,2211,665,00.00.0000-00.00.0000,WTA,2002,Finale,26488,85123
Shanghai,2003-W-T2-CHN-01A-2003,R32,2212,665,00.00.0000-00.00.0000,WTA,2003,3. Runde,26489,85124
Shanghai,2003-W-T2-CHN-01A-2003,R16,2212,665,00.00.0000-00.00.0000,WTA,2003,Achtelfinale,26489,85125
Shanghai,2003-W-T2-CHN-01A-2003,QF,2212,665,00.00.0000-00.00.0000,WTA,2003,Viertelfinale,26489,85126
Shanghai,2003-W-T2-CHN-01A-2003,SF,2212,665,00.00.0000-00.00.0000,WTA,2003,Halbfinale,26489,85127
Shanghai,2003-W-T2-CHN-01A-2003,F,2212,665,00.00.0000-00.00.0000,WTA,2003,Finale,26489,85128
