100244,John,Alexander,R,19510704,AUS,atp,137463,26541_26543_26544_26546_26552_26557
100137,Han Jurgen,Pohmann,R,19470523,GER,atp,137633,26541_26542_26543_26544_26546_26547_26548_26549_26551
100017,Mal,Anderson,R,19350303,AUS,atp,137434,26541_26542
109783,Bob,Howe,R,19250803,AUS,atp,137484,26541_26542_26543
109862,Alex,Kurucz,R,,GER,atp,0,26541_26542_26543_26546
100059,Isao,Watanabe,R,19411123,JPN,atp,137575,26541
100076,Milan,Holecek,R,19431023,CZE,atp,137510,26541_26542_26546_26547_26548
110272,Lothar,Pawlik,U,,GER,atp,0,26541
100060,Marty,Riessen,R,19411204,USA,atp,137346,26541_26542
107129,Graydon,Garner,R,,RSA,atp,137497,26541
109800,Mathias,Werren,R,19440509,SUI,atp,137650,26541_26542
100106,Graham,Stilwell,R,19451115,GBR,atp,137490,26541_26543_26548
100070,Jan,Kukal,R,19420913,CZE,atp,137501,26541_26542_26545_26546
110193,Lothar,Lanz,U,,GER,atp,0,26541_26542
100058,Roger,Taylor,L,19411014,GBR,atp,137363,26541_26542_26548_26551
100203,Phil,Dent,R,19500214,AUS,atp,137457,26541_26543_26546_26550_26551_26552_26555
100056,Harald,Elschenbroich,R,19410619,GER,atp,137669,26541_26542_26543_26544_26545_26546_26547_26548_26549
100178,Bob,Giltinan,R,19490407,AUS,atp,137563,26541
100113,Jan,Kodes,R,19460301,CZE,atp,137443,26541_26542_26543_26544_26545_26548_26549_26551_26552
100135,Onny,Parun,R,19470415,NZL,atp,137522,26541_26545_26548_26549_26550_26553_26554
100067,Frew,Mcmillan,R,19420520,RSA,atp,137464,26541_26542_26543
100162,Brian,Fairlie,R,19480613,NZL,atp,137444,26541_26549_26550
109825,Koji,Watanabe,R,,JPN,atp,137489,26541
110194,Uwe,Gottschalk,U,,GER,atp,0,26541_26542_26543
110192,Bernd,Kube,U,,GER,atp,0,26541_26542_26543
110273,Jaime,Subirats,U,,MEX,atp,0,26541
100055,Cliff,Drysdale,R,19410526,RSA,atp,137414,26541_26542
108310,Steve,Tidball,R,,USA,atp,0,26541
100090,Dick,Crealy,R,19440918,AUS,atp,137500,26541_26544_26545_26548_26549_26550_26551_26552
100148,Ismail,El Shafei,R,19471115,EGY,atp,137469,26541_26549_26550_26551
100161,Jurgen,Fassbender,R,19480528,GER,atp,137494,26541_26542_26544_26546_26547_26548_26549_26550_26551_26552
109784,Lance,Lumsden,R,,JAM,atp,137498,26541
100087,John,Newcombe,R,19440523,AUS,atp,137337,26541_26544_26546_26551
100025,Barry,Phillips Moore,R,19370709,AUS,atp,137459,26541_26545_26546_26547_26548_26549
109752,Ingo,Buding,R,19420109,GER,atp,137427,26541_26542_26544
100057,Pierre,Barthes,R,19410913,FRA,atp,137430,26541_26542_26545
100114,Ray,Ruffels,R,19460323,AUS,atp,137519,26541_26542
100084,Tom,Okker,R,19440222,NED,atp,137432,26541_26542_26543_26551_26552
100134,Roy,Barth,R,19470330,USA,atp,137487,26541
100009,Istvan,Gulyas,R,19311014,HUN,atp,137505,26541_26542_26543_26544_26545_26546
100037,Nikola,Pilic,L,19390827,CRO,atp,137374,26541_26542_26543_26544_26550_26551
100120,Robert,Maud,R,19460812,RSA,atp,137452,26541_26542_26543
100033,Wilhelm,Bungert,R,19390401,GER,atp,137537,26541_26542_26546
100073,Mark,Cox,L,19430705,GBR,atp,137447,26541_26543_26552_26553
100085,Hans Jaochim,Plotz,R,19440226,GER,atp,137493,26541_26542_26543_26544_26546_26547_26548_26549
100105,Allan,Stone,R,19451014,AUS,atp,137416,26541_26544
100100,Tony,Roche,L,19450517,AUS,atp,137440,26541_26542_26543
100139,Gerald,Battrick,R,19470527,GBR,atp,137485,26541_26542_26546_26548_26549
100152,David,Lloyd,R,19480103,GBR,atp,137465,26542_26543
100209,George,Taylor,R,19500504,USA,atp,137373,26542
100034,Christian,Kuhnke,R,19390413,GER,atp,0,26542_26544
109748,John,Barrett,L,19310417,GBR,atp,137513,26542
100142,Peter,Szoke,R,19470808,HUN,atp,137659,26542_26544_26545_26546_26547_26549
100144,Robert,Lutz,R,19470829,USA,atp,137396,26542_26544
106594,Attila,Korpas,R,,GER,atp,137829,26542_26543_26544_26545_26546_26547_26548_26549
100022,Roy,Emerson,R,19361103,AUS,atp,137422,26542
109743,Paul,Hutchins,R,19450405,GBR,atp,137420,26542
100086,Frantisek,Pala,L,19440328,CZE,atp,137675,26542_26544_26546_26547_26548_26549_26550_26552
100075,Owen,Davidson,L,19431004,AUS,atp,137462,26542_26543
109757,Detler,Herdy,R,19411013,AUT,atp,137550,26542
100119,Ilie,Nastase,R,19460719,ROU,atp,137552,26542_26543_26545_26548_26552
100071,Jean Claude,Barclay,R,19421230,FRA,atp,137486,26542
100225,Peter,Doerner,R,19501117,AUS,atp,137653,26542
199999,U,Unknown,U,,UNK,atp,0,26542_26543
100040,Bob,Hewitt,R,19400112,RSA,atp,137512,26542_26543_26550_26551
100035,Ion,Tiriac,R,19390509,ROU,atp,137473,26542_26543_26545_26546_26550_26551
100141,Zeljko,Franulovic,R,19470613,CRO,atp,137347,26542_26543_26550_26551_26552_26553
109817,Stefan,Koudelka,R,,CZE,atp,137603,26542
100234,Allan,Mcdonald,R,19510301,AUS,atp,137604,26542
100049,Jim,Mcmanus,L,19400916,USA,atp,137359,26543
100289,Byron,Bertram,R,19521029,RSA,atp,137701,26543_26549_26550_26553
110159,Gaurav,Misra,R,,IND,atp,0,26543
100130,Vladimir,Zednik,R,19470201,CZE,atp,137642,26543_26544_26546_26547_26549_26550_26551
100220,Jiri,Hrebec,R,19500919,CZE,atp,137732,26543_26544_26545_26546_26547_26549_26550_26551_26552
107993,Peter,Pokorny,R,,AUT,atp,137564,26543
100214,Adriano,Panatta,R,19500709,ITA,atp,137593,26543_26544_26545_26548
106971,Ezio,Di Matteo,R,,ITA,atp,137640,26543
100109,Jun,Kuki,R,19451228,JPN,atp,137679,26543_26546_26548_26549
107311,Jean Paul,Meyer,R,,FRA,atp,137658,26543
108374,Thierry,Bernasconi,R,,FRA,atp,137849,26543
100176,Hans,Kary,L,19490223,AUT,atp,137661,26543_26544_26545_26546_26548_26549_26550
100179,Karl,Meiler,R,19490430,GER,atp,137671,26543_26545_26546_26547_26548_26550_26553_26556
107728,Massimo,Di Domenico,R,,ITA,atp,137595,26543
108021,Pietro,Marzano,R,,ITA,atp,137590,26543
109815,Stanley,Matthews,R,19451120,GBR,atp,137479,26543
107034,Frank,Falderbaum,R,,GER,atp,0,26543_26545
100270,Anand,Amritraj,R,19520320,IND,atp,137736,26543
100173,Andrew,Pattison,R,19490130,USA,atp,137672,26543_26548_26554
100239,Hans,Engert,R,19510422,GER,atp,137795,26543_26544_26545_26546
100193,Wanaro,Ngodrella,R,19491019,FRA,atp,137666,26543_26546_26547
110257,Hansjorg,Elzer,U,,GER,atp,0,26543
100039,Boro,Jovanovic,R,19391021,CRO,atp,137543,26543_26546_26547
100080,Szabolcz,Baranyi,R,19440131,HUN,atp,137664,26543_26544_26545_26546_26547
110258,Milan,Tajenar,U,,CZE,atp,0,26543
100321,Vijay,Amritraj,R,19531214,IND,atp,137762,26543
100112,John,Clifton,R,19460219,GBR,atp,137602,26543
110020,Jean,Lovera,R,,FRA,atp,137673,26543
100281,Sashi,Menon,R,19520809,IND,atp,137722,26543_26549_26550
100026,Andres,Gimeno,R,19370803,ESP,atp,137400,26544
100064,Juan,Gisbert,R,19420405,ESP,atp,137573,26544_26545_26548_26549
109879,Jose Luis,Arillla,R,,ESP,atp,137471,26544
100630,Gustavo,Guerrero,L,19591022,ARG,atp,138119,26544
100174,Manuel,Orantes,L,19490206,ESP,atp,137455,26544_26545_26546_26547_26548_26549_26550_26551_26552_26553_26554_26556
100011,Torben,Ulrich,L,19321004,DEN,atp,137350,26544_26546
100050,Martin,Mulligan,R,19401018,AUS,atp,137637,26544_26546
100081,Charlie,Pasarell,R,19440212,USA,atp,137381,26544
100235,Antonio,Munoz,R,19510301,ESP,atp,137680,26544_26545_26546_26548_26549_26551
100170,Bernard,Mignot,R,19481203,BEL,atp,137769,26545_26546_26547_26548
100012,Nicola,Pietrangeli,R,19330911,ITA,atp,137496,26545
108118,Robert,Machan,R,,HUN,atp,137681,26545_26546
106583,Armando,Cornejo,R,,CHI,atp,137624,26545
100123,Patrick,Hombergen,R,19460908,BEL,atp,137524,26545
106686,Carlo,Zugarelli,R,,ITA,atp,0,26545
100278,Frank,Gebert,R,19520611,GER,atp,137778,26545_26546_26547_26548_26550
110091,Ian,Hewitt,R,,GBR,atp,0,26545
100115,Jaime,Fillol,R,19460603,CHI,atp,137355,26545_26546_26547_26548_26549_26550_26551_26552
109781,Peter,Marmureanu,R,19410620,ROU,atp,137581,26545
100149,Toshiro,Sakai,R,19471123,JPN,atp,137716,26546
100205,Paul,Gerken,R,19500315,USA,atp,137368,26546_26547
100110,Terry,Addison,R,19460111,AUS,atp,137480,26546
107284,Janos,Benyik,R,,HUN,atp,137933,26546_26547
100066,Frank,Froehling,R,19420519,USA,atp,137694,26546
100282,Guillermo,Vilas,L,19520817,ARG,atp,137697,26546_26547_26548_26550_26551_26553_26556_26557_26558_26559_26560_26561
109922,Harald,Neuner,R,19540404,GER,atp,0,26546_26547
100286,Harold,Solomon,R,19520917,USA,atp,137766,26546_26547_26548_26552_26553_26554_26555_26556_26557
100038,Jaime,Pinto Bravo,R,19391009,CHI,atp,137526,26546
100257,Ross,Case,R,19511101,AUS,atp,137597,26546_26552
100325,Ulrich,Pinner,R,19540207,GER,atp,137848,26546_26547_26548_26549_26550_26551_26552_26554_26555
100065,Terry,Ryan,R,19420427,RSA,atp,137467,26546
100054,Jose,Mandarino,R,19410326,BRA,atp,137461,26546
100163,Tom,Leonard,R,19480715,USA,atp,137371,26546
100219,Geoff,Masters,R,19500919,AUS,atp,137600,26546
109863,U,Timm,R,,USA,atp,0,26546
106629,Birger,Andersson,R,,SWE,atp,137878,26546_26548_26551_26553
100232,Eddie,Dibbs,R,19510223,USA,atp,137764,26546_26547_26548_26549_26551_26552_26555
100160,Georges,Goven,R,19480426,FRA,atp,137506,26546_26547_26549
100117,Butch,Seewagen,R,19460613,USA,atp,137375,26546
100199,Patrice,Dominguez,L,19500112,FRA,atp,137730,26546_26549
100122,Julian,Ganzabal,R,19460825,ARG,atp,137846,26546_26548_26549_26550
100083,Nicola,Spear,R,19440222,SRB,atp,137502,26546_26548_26549
100088,Patricio,Cornejo,R,19440606,CHI,atp,137370,26546_26547_26548_26551
110142,H,Brenner,R,,GER,atp,0,26546
100146,Jun,Kamiwazumi,R,19471001,JPN,atp,137758,26546_26549
100128,Cliff,Richey,R,19461231,USA,atp,137458,26546
100332,Balazs,Taroczy,R,19540509,HUN,atp,137780,26547_26548_26549_26550_26551_26552_26553_26554_26555_26556_26557_26558
109921,Eugenio,Munoz,R,,ESP,atp,0,26547
100062,Francois,Jauffret,R,19420209,FRA,atp,137534,26547_26549_26550
100261,Brian,Gottfried,R,19520127,USA,atp,137693,26547_26548_26552_26556
100243,Steve,Krulevitz,R,19510530,USA,atp,137685,26547_26548_26550
100185,Patrick,Proisy,R,19490910,FRA,atp,137532,26547_26549_26551_26552
100309,Raul,Ramirez,R,19530620,MEX,atp,137723,26547
107761,Max,Wunschig,R,,GER,atp,138038,26547_26552
100145,Dick,Dell,R,19470929,USA,atp,137376,26548
100171,John,Yuill,R,19481212,RSA,atp,137819,26548_26549_26550_26552_26553_26554
100304,Robert,Kreiss,R,19530430,USA,atp,137711,26548
100343,John,Lloyd,R,19540827,GBR,atp,137810,26548_26551_26552_26555_26556_26557
100190,Norman,Holmes,R,19491005,USA,atp,137721,26548
100121,Raymond,Moore,R,19460824,RSA,atp,137398,26548_26553
100263,John,Andrews,R,19520205,USA,atp,137823,26548_26549
100346,Paul,Kronk,R,19540922,AUS,atp,137663,26548_26549_26550_26551_26554
100249,Paolo,Bertolucci,R,19510803,ITA,atp,137770,26548_26550_26551
107277,Jan,Pisecky,R,,CZE,atp,137851,26548
100132,Armistead,Neely,R,19470319,USA,atp,137386,26548
100280,Wojtek,Fibak,R,19520803,POL,atp,137872,26548_26549_26551_26552_26555_26556_26557
100102,Joaquin Loyo,Mayo,R,19450816,MEX,atp,137383,26548
100395,Victor,Pecci,R,19551015,PAR,atp,137854,26548_26549_26550_26551_26552_26553_26554_26555_26558_26560
100300,Jose,Higueras,R,19530301,ESP,atp,137853,26548_26549_26550_26551_26552_26554_26555_26556_26557_26558
100118,Ivan,Molina,L,19460616,COL,atp,137547,26548_26549_26550_26552
100200,Antonio,Zugarelli,R,19500117,ITA,atp,137733,26548_26550_26551
100150,Lito,Alvarez,R,19471205,ARG,atp,137712,26548
100262,Rolf,Norberg,R,19520131,SWE,atp,137821,26548_26550
109771,Jairo,Velasco,R,19470509,ESP,atp,137567,26548_26549_26550_26553_26556
100177,Pavel,Hutka,R,19490228,CZE,atp,137936,26548_26550_26551_26552_26553
100091,Colin,Dibley,R,19440919,AUS,atp,137654,26548_26549
100258,Jorge,Andrew,R,19511102,VEN,atp,137838,26548_26552
100147,Marcello,Lara,R,19471005,MEX,atp,137401,26548
100247,Rolf,Thung,L,19510727,NED,atp,137863,26548
100182,Mike,Estep,R,19490719,USA,atp,137621,26548
100215,Fred,Mcnair,R,19500722,USA,atp,137708,26548_26549
100279,Mike,Cahill,R,19520617,USA,atp,137895,26549
100228,Kjell,Johansson,R,19510212,SWE,atp,137832,26549_26550_26551_26552_26553_26554
100198,Alvaro,Betancur,R,19500103,COL,atp,137887,26549_26550_26551
100116,Sherwood,Stewart,R,19460606,USA,atp,137360,26549
100444,Werner,Zirngibl,R,19560904,GER,atp,137923,26549_26550_26551_26552_26553
100403,Rolf,Gehring,R,19551125,GER,atp,137868,26549_26550_26552_26553_26554_26555
100274,Eric,Deblicker,R,19520417,FRA,atp,137830,26549_26551
100367,Belus,Prajoux,R,19550227,CHI,atp,137827,26549_26550
100233,Ricardo,Cano,R,19510226,ARG,atp,137871,26549_26550_26554_26555
100543,Peter,Elter,R,19580610,GER,atp,137944,26549_26550_26551_26552_26553_26555_26556
100377,Colin,Dowdeswell,R,19550512,GBR,atp,137800,26549_26550_26551_26557
100133,Pat,Cramer,R,19470321,RSA,atp,137618,26549
100273,Kim,Warwick,R,19520408,AUS,atp,137738,26549_26550_26551_26553_26554
100271,Jean Francois,Caujolle,L,19520331,FRA,atp,137678,26549_26550
100376,Buster C,Mottram,R,19550425,GBR,atp,137775,26549_26550_26551_26555_26556
100251,Grover Raz,Reid,R,19510827,USA,atp,137765,26549
100339,Victor,Amaya,L,19540702,USA,atp,137826,26549_26550_26551
100337,Mark,Edmondson,R,19540624,AUS,atp,137865,26549_26550_26552_26553_26554_26556_26557
100498,Klaus,Eberhard,R,19570915,GER,atp,137980,26549_26550_26551_26552_26553_26554_26555
100301,Jim,Delaney,R,19530312,USA,atp,137757,26549_26550
100331,Jean Louis,Haillet,R,19540507,FRA,atp,137784,26550_26552
100221,Carlos,Kirmayr,R,19500923,BRA,atp,137874,26550_26551_26554_26555
100345,Pat,Dupre,R,19540916,USA,atp,137761,26550_26551
100265,Cliff,Letcher,R,19520209,AUS,atp,137753,26550
100359,Richard,Lewis,L,19541206,GBR,atp,137788,26550_26551
100413,Ulrich,Marten,R,19560101,GER,atp,137870,26550_26552_26554
100287,Robin,Drysdale,R,19520918,GBR,atp,137815,26550_26551
100299,James Chico,Hagey,R,19530225,USA,atp,137760,26550
100354,Bernard,Mitton,R,19541109,RSA,atp,137801,26550_26551_26553
100378,David,Schneider,R,19550517,USA,atp,137884,26550
100047,Bob,Carmichael,R,19400704,AUS,atp,137509,26550
100374,Javier,Soler,L,19550325,ESP,atp,137948,26550
100292,Alvaro,Fillol,R,19521204,CHI,atp,137881,26550
100676,Yannick,Noah,R,19600518,FRA,atp,108216,26551_26556_26557_26566
100600,Pascal,Portes,R,19590528,FRA,atp,137973,26551_26553
100434,Tomas,Smid,R,19560520,CZE,atp,137932,26551_26552_26553_26554_26555_26556_26557_26559_26560_26561
100411,Pavel,Slozil,R,19551229,CZE,atp,137941,26551_26553_26555_26556_26557_26558_26559
100474,Chris,Lewis NZL,R,19570309,NZL,atp,137907,26551_26553_26554_26555_26556_26557_26558
100579,Heinz,Gunthardt,R,19590208,SUI,atp,137972,26551_26552_26553_26554_26555_26556_26557_26558
100360,Brian,Teacher,R,19541223,USA,atp,137822,26551_26557
100358,Mike,Fishbach,R,19541201,USA,atp,137965,26551
100315,Hank,Pfister,R,19531009,USA,atp,137958,26551
100186,Jeff,Borowiak,R,19490925,USA,atp,137424,26551_26552_26556
100356,Paul,Mcnamee,R,19541112,AUS,atp,137807,26551_26553_26554_26557_26558_26559
100180,Bill,Lloyd,R,19490507,AUS,atp,137746,26551
100449,Stanislav,Birner,R,19561011,CZE,atp,137976,26551_26552_26553_26555_26558_26560
100700,Heinz,Gildemeister,R,19601018,CHI,atp,0,26551_26553
100530,Andreas,Maurer,R,19580308,GER,atp,14412,26551_26552_26555_26556_26558_26559_26560_26562
109753,Pierre,Jauffret,R,,FRA,atp,137544,26551
100437,Bjorn,Borg,R,19560606,SWE,atp,137805,26552
100477,Gianni,Ocleppo,R,19570406,ITA,atp,137931,26552_26558
100456,Ferdi,Taygan,R,19561205,USA,atp,137840,26552_26554
100586,Eliot,Teltscher,R,19590315,USA,atp,137957,26552_26553_26554_26555_26556_26557_26560
100259,Peter,Feigl,R,19511130,AUT,atp,137916,26552_26558
100555,Jose Luis,Clerc,R,19580816,ARG,atp,137981,26552_26556_26557_26558
100326,Russell,Simpson,R,19540222,NZL,atp,137797,26552
100227,Alvin,Gardiner,R,19510211,AUS,atp,137591,26552
100297,Corrado,Barazzutti,R,19530219,ITA,atp,137729,26552_26553_26554_26555_26556
100387,Jiri,Prucha,R,19550810,CZE,atp,0,26552
100363,Jiri,Granat,R,19550128,CZE,atp,137768,26552
100211,Louk,Sanders,R,19500509,NED,atp,137978,26552
107413,Jorge,Cano,R,,ARG,atp,0,26552
100319,Rick,Fagel,R,19531129,USA,atp,137882,26552
100240,Joao,Soares,R,19510425,BRA,atp,137921,26552_26555_26558
100380,Butch,Walts,R,19550604,USA,atp,137902,26552_26554
100293,John,Marks,R,19521209,AUS,atp,137911,26552
100479,Reinhart,Probst,R,19570417,GER,atp,0,26552
100394,Angel,Gimenez,R,19551010,ESP,atp,137929,26552_26553_26554_26555
100383,Peter,Mcnamara,R,19550705,AUS,atp,137867,26552_26553_26554_26555_26558
100631,Tim,Wilkison,L,19591123,USA,atp,137959,26552
100422,Bruce,Manson,L,19560320,USA,atp,137835,26552_26553_26554_26556
100515,Shlomo,Glickstein,R,19580106,ISR,atp,138012,26553_26554_26557_26558
100499,Chris,Mayotte,R,19570916,USA,atp,138057,26553
100397,Terry,Rocavert,R,19551021,AUS,atp,137943,26553
100468,Dominique,Bedel,R,19570220,FRA,atp,137938,26553_26554
100653,Andres,Gomez,L,19600227,ECU,atp,15857,26553_26554_26555_26556_26557_26558_26559_26565_26566_26567
100655,Fritz,Buehning,R,19600305,USA,atp,138019,26553
100636,Gustavo,Tiberti,R,19591211,ARG,atp,138184,26553
100393,Marcos,Hocevar,R,19550926,BRA,atp,138071,26553_26554_26555
100656,Ivan,Lendl,R,19600307,USA,atp,132503,26553_26556_26560_26562_26566_26567_26568_26569
100486,Christophe Roger,Vasselin,R,19570708,FRA,atp,137937,26553_26554_26555_26557
100536,Fernando,Luna,R,19580424,ESP,atp,138063,26553_26554_26555_26556_26557_26558_26559_26562
100438,Carlos,Gattiker,R,19560606,ARG,atp,138064,26553
100421,Jan,Norback,R,19560306,SWE,atp,137939,26553_26554
100099,Thomaz,Koch,L,19450511,BRA,atp,137411,26553
100336,Guillermo,Aubone,L,19540608,ARG,atp,138039,26553
100401,Sean,Sorensen,R,19551112,IRL,atp,137954,26553_26557
100652,Cassio,Motta,R,19600222,BRA,atp,138022,26553_26558_26559_26560_26561
100661,Damir,Keretic,R,19600326,GER,atp,138147,26553_26556_26557_26558_26559_26560_26561
100835,Hans Dieter,Beutel,R,19620612,GER,atp,138232,26553_26554_26555
100430,David,Carter,R,19560421,AUS,atp,137924,26553_26555
100276,Terry,Moor,L,19520423,USA,atp,137901,26553_26554
100197,Alejandro,Pierola,R,19491120,CHI,atp,137977,26553
100285,Rod,Frawley,R,19520908,AUS,atp,137750,26553_26554
100878,Christoph,Zipf,R,19621205,GER,atp,0,26553_26554_26555
100667,Per,Hjertquist,R,19600406,SWE,atp,138073,26553_26554
100738,Schalk,Van Der Merwe,R,19610416,RSA,atp,138141,26553
100284,Jimmy,Connors,L,19520902,USA,atp,137683,26554_26555_26562_26525
100905,Sammy,Giammalva Jr,R,19630324,USA,atp,138052,26554_26557_26560
100443,Christophe,Freyss,L,19560830,FRA,atp,137949,26554_26557
100651,Alejandro,Ganzabal,R,19600216,ARG,atp,138123,26554_26555_26556_26558
100535,Tony,Giammalva,R,19580421,USA,atp,137898,26554
100372,Trey,Waltke,R,19550316,USA,atp,137842,26554_26556
100893,Joakim,Nystrom,R,19630220,SWE,atp,138100,26554_26555_26556_26557_26558_26559_26560_26561_26562
100453,Jose Luis,Damiani,R,19561121,URU,atp,138021,26554_26555
100607,Eduardo,Bengoechea,R,19590702,ARG,atp,138120,26554_26558_26559_26560_26561_26562
100752,Ramesh,Krishnan,R,19610605,IND,atp,138001,26554_26555
101062,Mats,Wilander,R,19640822,SWE,atp,138110,26554_26555_26556_26557_26558
100713,John,Fitzgerald,R,19601228,AUS,atp,138008,26554
100611,Mel,Purcell,R,19590718,USA,atp,137994,26554_26556_26559_26560
100942,Thierry,Tulasne,R,19630712,FRA,atp,138056,26554_26555_26557_26558_26559_26560_26561
100526,Ricardo,Ycaza,R,19580216,ECU,atp,137946,26554_26555
100342,Vitas,Gerulaitis,R,19540726,USA,atp,137717,26554
100790,Bruce,Derlin,L,19611128,NZL,atp,138136,26554
100460,Jose,Lopez Maeso,R,19561224,ESP,atp,138037,26554_26555
100440,Eddie,Edwards,R,19560703,RSA,atp,138075,26554_26556
100417,Hans,Gildemeister,R,19560209,CHI,atp,137888,26554_26558
100598,Wolfgang,Popp,R,19590519,GER,atp,138114,26554_26556_26557_26558_26560
100640,Stefan,Simonsson,R,19600105,SWE,atp,138066,26554_26558
100769,Mario,Martinez,R,19610912,BOL,atp,133269,26554
100936,Henri,Leconte,L,19630704,FRA,atp,138070,26555_26556_26557_26559_26561_26565_26566_26523_26569_26524_26525
100450,Leo,Palin,R,19561020,FIN,atp,137963,26555
101113,Michael,Westphal,R,19650219,GER,atp,138205,26555_26556_26557_26558_26559_26560_26561_26562
100386,Jose,Garcia G003,R,19550723,ESP,atp,138187,26555
100757,Anders,Jarryd,R,19610713,SWE,atp,138113,26555_26556_26557_26558_26566_26568_26525
100962,Thomas,Hogstedt,R,19630921,SWE,atp,138108,26555_26557
100589,Harald,Theissen,R,19590323,GER,atp,138157,26555_26556
100368,Haroon,Ismail,R,19550227,ZIM,atp,138023,26555
101061,Jimmy,Arias,R,19640816,USA,atp,138041,26555_26565
100829,Jan,Gunnarsson,R,19620530,SWE,atp,138182,26555_26557_26558_26559_26560_26561_26562_26565
100370,Helmut,Beermann,R,19550309,GER,atp,0,26555
100384,Alejandro,Cortes,R,19550714,COL,atp,138017,26555
101020,Hans,Schwaier,R,19640324,GER,atp,138231,26555_26557_26558_26559_26560_26561
101013,Henrik,Sundstrom,R,19640229,SWE,atp,138134,26555_26557_26558_26559_26560
100782,Pablo,Arraya,R,19611021,PER,atp,138191,26555_26556_26557_26558_26562
100800,Diego,Perez,R,19620209,URU,atp,138121,26555_26558_26559_26565
100517,Matt,Doyle,R,19580113,USA,atp,138076,26555
100272,Sandy,Mayer,R,19520405,USA,atp,137691,26555
100609,Zoltan,Kuharszky,R,19590708,HUN,atp,138129,26555_26557_26558
100762,Freddie,Sauer,R,19610802,RSA,atp,138042,26555
100711,Pedro,Rebolledo,R,19601217,CHI,atp,138092,26555_26561
100809,Juan,Aguilera,R,19620322,ESP,atp,138208,26555_26556_26557_26558_26565_26566
100518,Ricardo,Acuna,R,19580113,CHI,atp,137988,26556
100546,Eric,Fromm,R,19580627,USA,atp,138035,26556_26557
100481,Roberto,Vizcaino,R,19570425,ESP,atp,138068,26556
100797,Ben,Testerman,L,19620202,USA,atp,138117,26556
100646,Claudio,Panatta,R,19600202,ITA,atp,138132,26556_26557
100910,Magnus,Tideman,R,19630409,SWE,atp,138206,26556
100993,Loic,Courteau,R,19640106,FRA,atp,138192,26556
100599,Bernard,Boileau,R,19590525,BEL,atp,138065,26556
100883,Christophe,Bernelle,R,19621231,FRA,atp,138211,26556
100857,Sergio,Casal,R,19620908,ESP,atp,138135,26556_26557_26559_26560_26562
100635,Mark,Dickson,R,19591208,USA,atp,138175,26556
101131,Jimmy,Brown,R,19650428,USA,atp,138084,26556_26558_26559
100821,Hans,Simonsson,R,19620501,SWE,atp,138069,26556
100848,Alberto,Tous,R,19620803,ESP,atp,138214,26556_26561
101098,Guy,Forget,L,19650104,FRA,atp,138168,26556_26559_26565_26568_26524_26525_26526_26571
101222,Stefan,Edberg,R,19660119,SWE,atp,132502,26557_26566_26567_26568_26569
100950,Libor,Pimek,R,19630803,BEL,atp,138199,26557_26558_26559_26560_26561
100725,Michael,Mortensen,R,19610312,DEN,atp,0,26557
100603,Roland,Stadler,U,19590614,SUI,atp,138094,26557
101117,Eric,Jelen,R,19650311,GER,atp,138242,26557_26559_26560_26561_26565_26566
101414,Boris,Becker,R,19671122,GER,atp,107464,26557_26559_26561_26562_26565_26567_26568_26569_26570_26571_26572_26527_26573_26528
100585,Van,Winitsky,L,19590312,USA,atp,137897,26557
100730,Florin,Segarceanu,R,19610329,ROU,atp,138067,26557
100428,Gene,Mayer,R,19560411,USA,atp,137886,26557
100657,Mike,Leach,L,19600309,USA,atp,138055,26557
100923,Wally,Masur,R,19630513,AUS,atp,138101,26557_26558_26524
100701,Marko,Ostoja,R,19601020,CRO,atp,138040,26557_26558_26559
100490,Jaroslav,Navratil,R,19570724,CZE,atp,138267,26557_26558_26561
101084,Jakob,Hlasek,R,19641112,SUI,atp,138223,26558_26559_26560_26562_26565_26523_26524_26526_26571
101276,Horacio,De La Pena,L,19660801,ARG,atp,138235,26558_26559_26560_26566_26568_26569
100865,Marcelo,Ingaramo,L,19621013,ARG,atp,138302,26558
100628,Michiel,Schapers,R,19591011,NED,atp,138207,26558_26559_26561_26567
100390,Trevor,Allan,L,19550817,AUS,atp,137860,26558
100639,Blaine,Willenborg,R,19600104,USA,atp,138050,26558
100866,Shahar,Perkiss,R,19621014,ISR,atp,138225,26558
101036,Miloslav,Mecir,R,19640519,SVK,atp,14789,26558_26559_26560
101158,John,Frawley,R,19650704,AUS,atp,138172,26558
101029,Ricki,Osterthun,R,19640502,GER,atp,138274,26558_26559_26560_26561_26562
101073,Martin,Jaite,R,19641009,ARG,atp,138237,26558_26559_26560_26561_26562_26565_26566_26567
100922,Roberto,Arguello,U,19630512,ARG,atp,138236,26558
101109,Tarik,Benhabiles,R,19650205,FRA,atp,138186,26558_26561
100894,Francesco,Cancellotti,R,19630227,ITA,atp,138238,26558_26561
100941,Alex,Stepanek,R,19630711,GER,atp,138334,26559
101120,Karel,Novacek,R,19650330,CZE,atp,138239,26559_26562_26565_26566_26567_26568_26569
101234,Patrik,Kuhnen,R,19660211,GER,atp,138347,26559_26561_26562_26565_26566_26567_26568_26523_26569_26525_26571
101298,Jonas,Svensson,R,19661021,SWE,atp,138280,26559_26561_26562_26565_26566_26568_26523
100935,Michael,Robertson,R,19630702,USA,atp,138331,26559
100864,Martin,Wostenholme,R,19621011,CAN,atp,138286,26559
100990,Milan,Srejber,R,19631230,CZE,atp,138318,26559_26560_26565
101649,Guillermo,Perez Roldan,R,19691020,ARG,atp,138346,26559_26560_26561_26562_26565_26567_26568
101404,Thomas,Muster,L,19671002,AUT,atp,36732,26559_26560_26561_26566_26567_26568_26569_26526_26572_26527_26573_26528
101086,Ronald,Agenor,R,19641113,USA,atp,138288,26559_26560_26565_26566_26568
101226,Johan,Carlsson,R,19660129,SWE,atp,138348,26559_26562
101500,Christian,Saceanu,R,19680708,GER,atp,138328,26559_26560
100691,Ivo,Werner,R,19600819,GER,atp,138429,26559_26560
101324,Ulf,Stenlund,R,19670121,SWE,atp,138316,26559_26560_26561
101124,Paolo,Cane,R,19650409,ITA,atp,138307,26559_26560_26561_26562_26565
101686,Franco,Davin,L,19700111,ARG,atp,138357,26559_26560_26562_26565_26566_26568
100928,Barry,Moir,R,19630601,RSA,atp,138269,26559
100719,Juan,Avendano,R,19610129,ESP,atp,138128,26559
101426,Kent,Carlsson,R,19680103,SWE,atp,138240,26559_26560_26561_26562
101378,Tore,Meinecke,R,19670721,GER,atp,138412,26559_26560_26561_26562
101368,Christian,Miniussi,R,19670705,ARG,atp,138333,26559_26560_26567
100930,Paul,Vojtischek,R,19630613,GER,atp,138345,26559_26561
100954,Luiz,Mattar,R,19630818,BRA,atp,138314,26559_26560_26565_26566_26568
101142,Emilio,Sanchez,R,19650529,ESP,atp,138224,26559_26560_26562_26565_26566_26567_26568_26569
101190,Darren,Cahill,R,19651002,AUS,atp,138246,26560_26561_26562
101058,Francisco,Yunis,R,19640812,ARG,atp,138350,26560_26561
100970,Stefan,Eriksson,R,19631017,SWE,atp,138312,26560
101391,Carl Uwe,Steeb,L,19670901,GER,atp,138344,26560_26561_26562_26565_26566_26567_26568_26523_26569_26571
101063,Jordi,Arrese,R,19640829,ESP,atp,138300,26560_26561_26562_26565_26566_26567_26568_26569_26571
100956,Simone,Colombo,R,19630828,ITA,atp,138227,26560
101040,Peter,Lindgren,R,19640601,SWE,atp,138406,26560
100548,Ivan,Kley,R,19580629,BRA,atp,138305,26560
101439,Javier,Sanchez,R,19680201,ESP,atp,138349,26560_26562_26565_26567_26568_26569_26570_26571_26572
101004,Jim,Pugh,R,19640205,USA,atp,138324,26560_26561
101387,Claudio,Pistolesi,R,19670825,ITA,atp,138315,26560_26562_26565_26566
101230,Andrei,Chesnokov,R,19660202,RUS,atp,138278,26560_26562_26566_26568_26569_26570
101119,Marian,Vajda,R,19650324,SVK,atp,138241,26560_26561_26562_26566_26568
101511,Horst,Skoff,R,19680822,AUT,atp,138313,26560_26561_26562_26565_26566_26567_26570
100944,Mikael,Pernfors,R,19630716,SWE,atp,138256,26560
100431,Mansour,Bahrami,R,19560426,IRI,atp,134351,26561_26562
101674,Rudiger,Haas,R,19691215,GER,atp,0,26561_26566
101071,Tom,Nijssen,R,19641001,NED,atp,138335,26561_26566
100844,Jerome,Potier,L,19620718,FRA,atp,138104,26561
100955,Yahiya,Doumbia,R,19630825,SEN,atp,138407,26561
101285,Thierry,Champion,R,19660831,FRA,atp,138270,26561_26565_26567_26569
101578,Markus,Rackl,L,19690303,GER,atp,0,26561
101377,Christian,Bergstrom,R,19670719,SWE,atp,138319,26561_26562_26565_26566_26567_26568
100714,Broderick,Dyke,L,19601231,AUS,atp,138170,26561
101055,Heiner,Moraing,R,19640803,GER,atp,138396,26561
101123,Alexander,Mronz,R,19650407,GER,atp,138437,26561_26562_26566_26567
101143,Branislav,Stankovic,R,19650530,SVK,atp,138405,26561
100620,Eduardo,Osta,L,19590904,ESP,atp,138193,26561
101232,Nicklas,Kroon,R,19660205,SWE,atp,138393,26561
101147,Claudio,Mezzadri,R,19650610,SUI,atp,138226,26561
101434,Petr,Korda,L,19680123,CZE,atp,138409,26561_26565_26567_26523_26569_26570_26527_26528
101035,Menno,Oosting,R,19640517,NED,atp,138276,26561
100595,Ronnie,Bathman,R,19590424,SWE,atp,138253,26561
101772,Andrei,Cherkasov,R,19700704,RUS,atp,138456,26562_26565_26566_26567_26523_26569_26570
101374,Leonardo,Lavalle,L,19670714,MEX,atp,138283,26562
101382,Marcelo,Filippini,R,19670804,URU,atp,138420,26562_26565_26566_26568_26570_26573
101529,Michael,Stich,R,19681018,GER,atp,132496,26562_26565_26566_26567_26568_26569_26524_26525_26570_26572_26527
101274,Udo,Riglewski,R,19660728,GER,atp,138403,26562_26565_26566
101105,Jose Antonio,Fernandez,R,19650126,CHI,atp,0,26562
101358,Olivier,Delaitre,R,19670601,FRA,atp,138336,26562_26567_26568_26524_26525_26570
101843,Sergi,Bruguera,R,19710116,ESP,atp,138457,26562_26565_26566_26567_26570_26571_26572_26573_26576
101606,Alberto,Mancini,R,19690520,ARG,atp,138422,26562_26565_26567_26568
100995,Eduardo,Masso,L,19640111,BEL,atp,138414,26562
101482,Markus,Zoecke,R,19680510,GER,atp,138513,26562_26565_26567_26570
101507,Tomas,Carbonell,R,19680807,ESP,atp,138355,26562_26566_26570_26526_26571_26527
101180,Jose,Clavet,R,19650911,ESP,atp,138338,26562
101462,Francisco,Roig,R,19680401,ESP,atp,138485,26562_26571
101964,Goran,Ivanisevic,L,19710913,CRO,atp,138395,26562_26565_26566_26567_26569_26570_26571_26573_26574
101717,Diego,Nargiso,L,19700315,ITA,atp,138394,26562_26569
101337,Martin,Strelba,R,19670322,CZE,atp,138490,26562
101320,Magnus,Gustafsson,R,19670103,SWE,atp,138404,26562_26565_26566_26568_26569_26526_26572_26573_26529_26576
101334,Alexander,Volkov,L,19670303,RUS,atp,138373,26562_26565_26566_26567_26523_26569_26524_26570_26571
101393,Jens,Woehrmann,R,19670908,GER,atp,138514,26562_26565
101381,Aaron,Krickstein,R,19670802,USA,atp,138201,26562_26565_26566_26523_26569_26524
100529,Kevin,Curren,R,19580302,USA,atp,137989,26565
101659,Jan,Apell,L,19691104,SWE,atp,138470,26565_26569_26573
101409,Jaime,Yzaga,R,19671023,PER,atp,138297,26565_26569_26570
100972,Todd,Witsken,R,19631104,USA,atp,138317,26565
101243,Roberto,Azar,L,19660321,ARG,atp,138503,26565
101179,Jean Philippe,Fleurian,R,19650911,FRA,atp,138308,26565_26526
101030,Goran,Prpic,R,19640504,CRO,atp,138304,26565_26566_26567
102148,Fabrice,Santoro,R,19721209,FRA,atp,14261,26565_26570_26573_26574_26575_26576_26531_26532_26577_26578_26533_26580_26535_26536_26581_26537_26538_991
101235,Paul,Haarhuis,R,19660219,NED,atp,138458,26565_26566_26567_26568_26523_26569_26525_26570_26526_26571_26572_26527_26528_26574_26529
101195,Amos,Mansdorf,R,19651020,ISR,atp,138281,26565_26566_26569_26524
101793,Jim,Courier,R,19700817,USA,atp,138447,26565_26566_26524_26525_26526
101767,Lars,Jonsson,R,19700627,SWE,atp,138500,26565_26568
101309,Jay,Berger,R,19661126,USA,atp,138293,26565
102021,Michael,Chang,R,19720222,USA,atp,138367,26565_26567_26568_26523_26573_26574_26530_26575_26576_26531
101736,Andre,Agassi,R,19700429,USA,atp,132501,26565_26567_26523_26570_26576_26580
101900,Nicklas,Kulti,R,19710422,SWE,atp,138483,26566_26569_26526_26527_26529_26530
101820,Marc,Rosset,R,19701107,SUI,atp,138509,26566_26568_26569_26524_26525_26570_26526_26571_26572_26573_26574_26529_26575_26576
101532,Francisco,Clavet,L,19681024,ESP,atp,138526,26566_26567_26568_26570_26571_26572_26573_26574_26575_26576
101481,Omar,Camporese,R,19680508,ITA,atp,138427,26566_26567_26568
101440,Mark,Koevermans,R,19680203,NED,atp,138460,26566
101332,Gilad,Bloom,L,19670301,ISR,atp,138351,26566
101589,Arnaud,Boetsch,R,19690401,FRA,atp,138353,26566_26525_26570_26526_26571_26572
101750,Cristiano,Caratti,R,19700524,ITA,atp,138507,26566_26567_26530
101407,David,Engel,R,19671017,SWE,atp,138416,26566
101723,Magnus,Larsson,R,19700325,SWE,atp,138464,26566_26568_26569_26524_26526_26571_26572_26528_26529_26530_26531
101965,Wayne,Ferreira,R,19710915,RSA,atp,138522,26566_26567_26568_26525_26570_26526_26571_26572_26573_26574_26575_26576_26577_26578
101735,Richard,Fromberg,R,19700428,AUS,atp,138425,26566_26569_26524_26570_26572_26573_26528_26575
101746,Renzo,Furlan,R,19700517,ITA,atp,138488,26566_26567_26568_26569_26570_26526_26572
101948,Pete,Sampras,R,19710812,USA,atp,138444,26566_26570_26575_26576_26532_26577
102001,German,Lopez,R,19711229,ESP,atp,138561,26567
102238,Alberto,Berasategui,R,19730628,ESP,atp,138599,26567_26569_26525_26570_26571_26572_26573_26574
101835,Arne,Thoms,R,19710101,GER,atp,138580,26567_26568_26523
100581,John,Mcenroe,L,19590216,USA,atp,137942,26567
101924,Stefano,Pescosolido,R,19710613,ITA,atp,138515,26567_26569_26571
101685,Markus,Naewie,R,19700107,GER,atp,138576,26567_26568_26569
100870,Christo,Van Rensburg,R,19621023,RSA,atp,138230,26567
101475,Carlos,Costa,R,19680422,ESP,atp,138518,26567_26568_26569_26570_26571_26572_26573
101775,Frederik,Fetterlein,R,19700711,DEN,atp,138683,26567
101733,Jan,Siemerink,L,19700414,NED,atp,138546,26567_26523_26525_26570_26571_26572_26573_26528_26529
101990,Richard,Krajicek,R,19711206,NED,atp,138547,26567_26568_26569_26570_26571_26572_26527_26573_26528_26574_26529_26530
102184,David,Prinosil,R,19730309,GER,atp,138603,26567_26568_26525_26570_26526_26571_26572_26527_26573_26528_26574_26529_26530_26575_26576_26531_26532_26533_26534
101740,Sascha,Nensel,R,19700509,GER,atp,0,26567
101912,Felipe,Rivera,R,19710510,CHI,atp,138557,26567
101460,Jose Francisco,Altur,L,19680324,ESP,atp,138502,26567
101719,Frederic,Fontang,R,19700318,FRA,atp,138484,26567
102374,Alex,Corretja,R,19740411,ESP,atp,138596,26567_26569_26570_26571_26572_26573_26528_26575_26576_26531_26577_26578_26579
101611,Cedric,Pioline,R,19690615,FRA,atp,138486,26567_26524_26571_26572_26574_26575_26576
101914,Lars,Koslowski,R,19710522,GER,atp,138577,26567_26568
102358,Thomas,Enqvist,R,19740313,SWE,atp,138586,26568_26523_26526_26575_26576_26577
102378,Juan,Gisbert Jr,R,19740413,ESP,atp,137573,26568
102019,Dirk,Dier,R,19720216,GER,atp,138519,26568
101761,Jaime,Oncins,R,19700616,BRA,atp,138541,26568
101549,Rodolphe,Gilbert,L,19681212,FRA,atp,15371,26568_26569_26524_26574
102202,Kenneth,Carlsen,L,19730417,DEN,atp,138614,26568_26523_26532_26533_26534_26535
102088,Joern,Renzenbrink,R,19720717,GER,atp,138624,26568_26569_26524_26570_26571
102154,Marcos,Ondruska,R,19721218,RSA,atp,138562,26568_26523
101642,Bart,Wuyts,R,19690915,BEL,atp,138545,26568
102521,Hendrik,Dreekmann,R,19750129,GER,atp,138650,26568_26523_26569_26524_26525_26570_26526_26571_26572_26527_26528_26574_26529_26532_26533
101703,Guillaume,Raoux,R,19700214,FRA,atp,138419,26568_26573_26528_26529
101806,Marc Kevin,Goellner,R,19700922,GER,atp,138591,26568_26523_26569_26524_26570_26571_26572_26573_26528_26530_26575
101725,Gabriel,Markus,R,19700331,ARG,atp,138559,26568
101249,Andrei,Olhovskiy,R,19660415,RUS,atp,138391,26568_26523_26569_26525_26570_26571
101463,Bernd,Karbacher,R,19680403,GER,atp,138571,26568_26523_26569_26524_26525_26570_26526_26571_26527_26573_26529
102446,Andrei,Medvedev,R,19740831,UKR,atp,138597,26523_26569_26524_26525_26570_26571_26572_26527_26573_26528_26529_26530_26575_26576
101196,Derrick,Rostagno,R,19651025,USA,atp,138294,26523
101492,Sander,Groen,L,19680616,NED,atp,0,26523_26525
101066,Richard,Matuszewski,R,19640907,USA,atp,138287,26523_26524
101890,Jonathan,Stark,R,19710403,USA,atp,138570,26523_26524_26529
100763,Brad,Gilbert,R,19610809,USA,atp,138176,26523
101191,Richey,Reneberg,R,19651005,USA,atp,138364,26523_26525_26526_26527_26529
102760,Rene,Nicklisch,R,19760331,GER,atp,0,26523
101373,Karsten,Braasch,L,19670714,GER,atp,138574,26523_26569_26524_26527
101233,Alex,Antonitsch,R,19660208,AUT,atp,138359,26523
101543,Jeff,Tarango,L,19681120,USA,atp,138439,26523_26572_26527_26528_26530_26575
101792,Slava,Dosedel,R,19700814,CZE,atp,138555,26569_26570_26571_26572_26573_26574_26575
102338,Yevgeny,Kafelnikov,R,19740218,RUS,atp,138628,26569_26524_26525_26570_26526_26571_26572_26527_26573_26528_26530_26575_26576_26531_26532_26577_26533
101582,Gilbert,Schaller,R,19690317,AUT,atp,138598,26569_26570_26571
102257,Greg,Rusedski,L,19730906,GBR,atp,138618,26569_26573_26574_26576_26580_26581
101510,Henrik,Holm,R,19680822,SWE,atp,138494,26569_26524
101888,Daniel,Vacek,R,19710401,CZE,atp,138552,26569_26524_26525_26570_26526_26571_26527_26574_26529_26575_26531
101945,Thierry,Guardiola,R,19710807,FRA,atp,138600,26569
102146,Jordi,Burillo,R,19721207,ESP,atp,138632,26569_26571
102161,Robert,Kroll,R,19721230,GER,atp,0,26569
101797,Jacco,Eltingh,R,19700829,NED,atp,138549,26569_26525_26570
101502,Torben,Theine,L,19680710,GER,atp,138430,26569
101809,Nicolas,Pereira,R,19700929,VEN,atp,138452,26524
101866,David,Rikl,L,19710227,CZE,atp,138529,26524_26571
102652,Christian,Vinck,L,19750903,GER,atp,138764,26524_26528_26530_26577
101327,Cyril,Suk,R,19670129,CZE,atp,138468,26524
101682,David,Adams,R,19700105,RSA,atp,138711,26524
102491,Alex,Radulescu,R,19741207,GER,atp,138718,26524_26526_26572_26527
101265,Patrick,Mcenroe,R,19660701,USA,atp,138506,26525
102854,Sjeng,Schalken,R,19760908,NED,atp,138674,26525_26526_26571_26572_26527_26573_26528_26574_26529_26530_26575_26576_26531_26577_26579
101441,Martin,Sinner,R,19680207,GER,atp,138553,26525_26570_26573
102205,Sebastien,Lareau,R,19730427,CAN,atp,138616,26525
101841,Aleksandar,Kitinov,R,19710113,MKD,atp,0,26525
101601,Brett,Steven,R,19690427,NZL,atp,138613,26525_26526_26573
102434,Vincent,Spadea,R,19740719,USA,atp,14281,26525_26570_26527_26528_26575_26578_26579_26580
101365,Paul,Wekesa,R,19670702,KEN,atp,138475,26525
101270,Thomas,Gollwitzer,R,19660724,GER,atp,0,26570
102465,Gabriel,Silberstein,R,19741017,CHI,atp,0,26570
101956,Mark,Knowles,R,19710904,BAH,atp,3942,26570_26571_26572
102610,Albert,Costa,R,19750625,ESP,atp,138641,26570_26571_26572_26573_26574_26575_26576_26577_26578_26579_26580
102234,Oliver,Gross,R,19730617,GER,atp,138666,26570_26571_26572_26573_26574
101613,Malivai,Washington,R,19690620,USA,atp,138450,26570_26571
102243,Marcelo,Charpentier,L,19730711,ARG,atp,14793,26570
102247,Andrea,Gaudenzi,R,19730730,ITA,atp,138649,26570_26526_26573_26574
102158,Patrick,Rafter,R,19721228,AUS,atp,138584,26570_26529_26530_26575_26531
102344,Karol,Kucera,R,19740304,SVK,atp,138629,26570_26571_26572_26573_26575_26578_26533
101432,Dimitri,Poliakov,R,19680119,UKR,atp,138523,26570
102650,Roberto,Carretero,R,19750830,ESP,atp,138721,26570_26571_26572
102845,Carlos,Moya,R,19760827,ESP,atp,14248,26526_26571_26572_26573_26528_26574_26529_26530_26575_26576_26531_26532_26577_26578_26579_26581_26582_26583
102437,Adrian,Voinea,R,19740806,ROU,atp,138651,26526_26571_26527_26574_26575_26577_26578
103017,Nicolas,Kiefer,R,19770705,GER,atp,3966,26526_26571_26572_26527_26573_26528_26529_26530_26576_26531_26532_26577_26578_26533_26534_26579_26580_26535_26581_26537_26538_26583_991_1984
102301,Sebastien,Leblanc,L,19731227,CAN,atp,0,26526
102035,Jonas,Bjorkman,R,19720323,SWE,atp,3989,26526_26529_26576_26531_26532_26577_26533_26534_26579_26582
101647,Byron,Black,R,19691006,ZIM,atp,138569,26526_26575
102025,Mikael,Tillstrom,R,19720305,SWE,atp,138644,26526_26572_26530
102135,Emilio,Benfele Alvarez,R,19721115,ESP,atp,138675,26571_26573
102614,Victor,Sendin,R,19750701,ESP,atp,0,26571
102539,Bohdan,Ulihrach,R,19750223,CZE,atp,14538,26571_26527_26573_26574_26576_26531_26532_26577
102024,Hernan,Gumy,R,19720305,ARG,atp,138691,26571_26572
101412,Shuzo,Matsuoka,R,19671106,JPN,atp,138428,26571
101721,Markus,Zillner,L,19700319,GER,atp,138601,26571
102617,Kim,Tiilikainen,R,19750708,FIN,atp,138724,26571
102701,Marcelo,Rios,L,19751226,CHI,atp,138642,26571_26572_26573_26574_26575_26576
101459,Tomas,Nydahl,R,19680321,SWE,atp,138657,26572
102472,Marcello,Craca,R,19741027,GER,atp,138752,26572
102271,Hicham,Arazi,L,19731019,MAR,atp,138699,26572_26573_26574_26575_26576_26532_26577_26579
102456,Felix,Mantilla,R,19740923,ESP,atp,15304,26572_26573_26574_26529_26575_26577_26578
102533,Jens,Knippschild,R,19750215,GER,atp,138733,26572_26573_26528_26576
101997,Marzio,Martelli,R,19711214,ITA,atp,138729,26572_26573
103163,Tommy,Haas,R,19780403,GER,atp,14254,26572_26527_26573_26528_26574_26529_26530_26575_26576_26531_26577_26534_26579_26580_26535_26536_26581_26538_991
103103,Dominik,Hrbaty,R,19780104,SVK,atp,3982,26572_26573_26574_26575_26576_26578_26579_26580_26581_26582
103305,Daniel,Elsner,R,19790104,GER,atp,15189,26572
102223,Karim,Alami,R,19730524,MAR,atp,138665,26572_26573_26574_26530_26575
102104,Christian,Ruud,R,19720824,NOR,atp,138594,26572_26574_26530
103252,Alberto,Martin,R,19780820,ESP,atp,14306,26572_26575_26576_26577_26578_26579_26580_26535_26581_26583
102029,Filip,Dewulf,R,19720315,BEL,atp,138654,26572_26573_26528
102401,Scott,Draper,L,19740605,AUS,atp,138682,26572_26578
102831,Jacobo,Diaz,R,19760711,ESP,atp,138722,26572_26573
101016,Marcos Aurelio,Gorriz,L,19640304,ESP,atp,138573,26572
102856,Gustavo,Kuerten,R,19760910,BRA,atp,15315,26572_26573_26574_26575_26576_26577_26578_26580
101026,Jim,Grabb,R,19640414,USA,atp,138292,26527
101917,Grant,Stafford,R,19710527,RSA,atp,138563,26527
102201,Lionel,Roux,R,19730412,FRA,atp,138602,26527
102996,Franz,Stauder,R,19770528,GER,atp,0,26527_26528
102093,Martin,Damm,R,19720801,CZE,atp,138572,26527
102563,Thomas,Johansson,R,19750324,SWE,atp,3991,26527_26528_26574_26530_26575_26576_26531_26532_26577_26534_26580_26581_26538
102215,Joshua,Eagle,R,19730510,AUS,atp,138643,26527
102765,Nicolas,Escude,R,19760403,FRA,atp,138630,26527_26573_26528_26530_26575_26576_26531_26577_26533
102287,Albert,Portas,R,19731115,ESP,atp,15259,26573_26530_26576_26531_26577_26579
102950,Fernando,Vicente,R,19770308,ESP,atp,14364,26573_26574_26530_26575_26576_26533_991
102796,Magnus,Norman,R,19760530,SWE,atp,138707,26573_26528_26575_26576
102450,Tim,Henman,R,19740906,GBR,atp,14784,26573_26574_26575_26576_26577_26578_26579_26580
103031,Julian,Alonso,R,19770802,ESP,atp,138740,26573
102869,Galo,Blanco,R,19761008,ESP,atp,138723,26573
102839,Nicolas,Lapentti,R,19760813,ECU,atp,3958,26573_26574_26530_26575_26576_26531_26577_26578_26579
101150,Gianluca,Pozzi,L,19650617,ITA,atp,138365,26528_26574_26529_26576
101816,Steve,Campbell,R,19701022,USA,atp,138696,26528
103171,Raemon,Sluiter,R,19780413,NED,atp,14441,26528_26578_26537
102574,Gabriel,Trifu,R,19750414,ROU,atp,30697,26528_26530
102694,Lars,Burgsmuller,R,19751206,GER,atp,14794,26574_26576_26531_26532_26577_26578_26533_26534_26579_26580
101897,Fernando,Meligeni,L,19710412,BRA,atp,138590,26574_26575_26577
102562,Jiri,Novak,R,19750322,CZE,atp,138702,26574_26529_26575_26532_26577_26578_26533_26534_26579_26580_26535_26536_26581
101962,Younes,El Aynaoui,R,19710912,MAR,atp,14348,26574_26575_26576_26532_26577_26578_26533
103324,Arnaud,Di Pasquale,R,19790211,FRA,atp,138760,26574_26575_26576
102106,Davide,Sanguinetti,R,19720825,ITA,atp,14937,26574_26576_26532_26577_26536_26581
102644,Franco,Squillari,L,19750822,ARG,atp,138719,26574_26575_26576_26577
103264,Mariano,Puerta,L,19780919,ARG,atp,14334,26574_26575_26576_26580
103151,Mariano,Zabaleta,R,19780228,ARG,atp,14659,26574_26575_26577_26578_26579
102538,Tuomas,Ketola,R,19750221,FIN,atp,138738,26574_26531
102887,Ramon,Delgado,R,19761114,PAR,atp,14507,26574
102306,Michael,Kohlmann,R,19740111,GER,atp,27665,26574_26575_26537
102776,Andrew,Ilie,R,19760418,AUS,atp,138684,26574_26529_26576
102998,Jan Michael,Gambill,R,19770603,USA,atp,138732,26574_26575_26576_26577_26578
102966,Fredrik,Jonsson,R,19770328,SWE,atp,138776,26574
103082,Markus,Hantschk,R,19771119,GER,atp,138793,26574_26578
102783,Rainer,Schuettler,R,19760425,GER,atp,3967,26574_26529_26530_26575_26576_26531_26532_26577_26578_26533_26534_26579_26580_26535_26536_26581_26582_26538_26583_991_1008
103498,Marat,Safin,R,19800127,RUS,atp,14251,26574_26575_26576_26577_26534_26579_26580_26535_26536_26581_26582_26583
102050,Marco,Meneschincheri,L,19720425,ITA,atp,0,26574
102466,Jan,Kroslak,R,19741017,SVK,atp,15090,26574_26529
102925,Justin,Gimelstob,R,19770126,USA,atp,14931,26529
102770,John,Van Lottum,R,19760410,NED,atp,138735,26529
102259,Jerome,Golmard,L,19730909,FRA,atp,138685,26529_26530_26575_26531
102629,Oscar,Burrieza,R,19750722,ESP,atp,14762,26529_26530
102061,Kevin,Ullyett,R,19720523,ZIM,atp,27581,26529
103344,Ivan,Ljubicic,R,19790319,CRO,atp,3952,26530_26532_26577_26578_26533_26534_26579_26580_26581_26582_26538_26583
103819,Roger,Federer,R,19810808,SUI,atp,3992,26530_26575_26576_26531_26532_26577_26578_26533_26534_26579_26580_26535_26536_26582_26538_26583_1984
103096,Arnaud,Clement,R,19771217,FRA,atp,3963,26530_26576_26531_26577_26578_26533_26534_26579_26536_26582_991
103507,Juan Carlos,Ferrero,R,19800212,ESP,atp,14250,26530_26575_26576_26577_26580_26535_26581_26582_1984_2000
102162,Chris,Woodruff,R,19730102,USA,atp,138635,26575
102318,Andrei,Pavel,R,19740127,ROU,atp,14342,26575_26576_26531_26532_26577_26534_26579_26580_26535_26536_26537
103720,Lleyton,Hewitt,R,19810224,AUS,atp,3940,26575_26576_26577_26578_26579_26582_1984
102882,Mark,Philippoussis,R,19761107,AUS,atp,138656,26575_26577_26578_26579
103292,Gaston,Gaudio,R,19781209,ARG,atp,14761,26575_26576_26578_26579_26580_26581_26582
101902,Stephane,Huet,L,19710425,FRA,atp,138623,26575
103206,Sebastien,Grosjean,R,19780529,FRA,atp,14263,26575_26576_26531_26577_26578_26579_26580_26581
102227,Sargis,Sargsian,R,19730603,ARM,atp,138698,26575_26578_26533_26534_26579
103018,Max,Mirnyi,R,19770706,BLR,atp,3943,26575_26576_26531_26577_26578_26579_26580_26581
101774,Todd,Martin,R,19700708,USA,atp,138510,26575_26576_26577
102905,Stefan,Koubek,L,19770102,AUT,atp,14273,26575_26532_26577_26578_26533_26537_991
102809,Axel,Pretzsch,R,19760616,GER,atp,138780,26576_26532
103248,Harel,Levy,R,19780805,ISR,atp,14340,26576_991
102179,Antony,Dupuis,R,19730224,FRA,atp,14743,26576_26577_26578_26579
103714,Andreas,Vinciguerra,L,19810219,SWE,atp,28613,26576
103166,Vladimir,Voltchkov,R,19780407,BLR,atp,14602,26576_26535
102860,Agustin,Calleri,R,19760914,ARG,atp,3935,26576_26578_26582
102231,Alex,Calatrava,R,19730614,ESP,atp,138754,26576_26531
102607,Juan,Balcells,R,19750620,ESP,atp,138809,26576
102110,Daniel,Nestor,L,19720904,CAN,atp,138585,26531
102642,Cyril,Saulnier,R,19750816,FRA,atp,138781,26531_26532_26579_26580_26535
102880,Alexander,Popp,R,19761104,GER,atp,138800,26531_26532_26534_26535
102286,Wayne,Black,R,19731114,ZIM,atp,138694,26531
102730,Ivo,Heuberger,R,19760219,SUI,atp,138774,26532
102722,Attila,Savolt,R,19760205,HUN,atp,138801,26532_26577
103356,Michel,Kratochvil,R,19790407,SUI,atp,14867,26532_26577_26534
103009,Razvan,Sabau,R,19770618,ROU,atp,14605,26532
102911,Andrei,Stoliarov,R,19770109,RUS,atp,16028,26532
104022,Mikhail,Youzhny,R,19820625,RUS,atp,3978,26532_26577_26578_26533_26534_26579_26580_26535_26536_26581_26537_26582_26538_26583_1008_1984
103285,Radek,Stepanek,R,19781127,CZE,atp,3957,26532_26578_26533_26580_26581_26582_26538
101868,Dick,Norman,L,19710301,BEL,atp,14436,26532_26535
104259,Philipp,Kohlschreiber,R,19831016,GER,atp,3968,26577_26580_26535_26536_26581_26537_26582_26538_26583_991_1008_1984_2000
103451,Bjorn,Phau,R,19791004,GER,atp,14346,26577_26536_26581_26538_991_1008_2000
103484,James,Blake,R,19791228,USA,atp,3999,26577_26578_26581_26537_26582_26538_26583
103176,David,Sanchez,R,19780420,ESP,atp,138798,26577_26578_26579_26580
103428,Juan Ignacio,Chela,R,19790830,ARG,atp,14255,26577_26578_26579_26580_26581_26582_26583_1008_2000
103900,David,Nalbandian,R,19820101,ARG,atp,3937,26577_26578_26579_26580_26535_26537
103694,Olivier,Rochus,R,19810118,BEL,atp,3945,26577_26578_26533_26579_26580_26535_26536_26581_26537_26582_26538_26583_991_1984_2000
103990,Tommy,Robredo,R,19820501,ESP,atp,3988,26577_26578_26579_26580_26581_26582_26583_1008_2000
104053,Andy,Roddick,R,19820830,USA,atp,14242,26577_26578_26580
102369,Julien,Boutter,R,19740405,FRA,atp,138763,26577
103656,Albert,Montanes,R,19801126,ESP,atp,14262,26577_26583_2000
103084,Guillermo,Canas,R,19771125,ARG,atp,3936,26577_26579_26580_26535_26582_26583
103598,Xavier,Malisse,R,19800719,BEL,atp,14371,26577_26578_26579_26581_26583
103602,Fernando,Gonzalez,R,19800729,CHI,atp,3948,26577_26578_26579_26580_26581_26582
101885,Wayne,Arthurs,L,19710318,AUS,atp,138769,26577_26578
103133,Olivier,Mutis,R,19780202,FRA,atp,138688,26578
103970,David,Ferrer,R,19820402,ESP,atp,3985,26578_26579_26580_26581_26582_26583_1008
103204,Hugo,Armando,R,19780527,USA,atp,14447,26578
103444,Jean Rene,Lisnard,R,19790925,MON,atp,138791,26578
102703,Hyung Taik,Lee,R,19760103,KOR,atp,138799,26578_26533
103786,Nikolay,Davydenko,R,19810602,RUS,atp,3979,26578_26533_26534_26579_26580_26581_26537_26582_26583_1008_1984_2000
102565,Alexander,Waske,R,19750331,GER,atp,14873,26578_26534_26580_26535_26536_26581_26582
103852,Feliciano,Lopez,L,19810920,ESP,atp,14246,26578_26533_26534_26579_26580_26535_26581_26583
103387,Paradorn,Srichaphan,R,19790614,THA,atp,31117,26578_26579_26580_26581
103971,Karol,Beck,R,19820403,SVK,atp,14410,26578_26580
103813,Jarkko,Nieminen,L,19810723,FIN,atp,3960,26578_26536_26581_26537_26582_26538_26583_1984_2000
103909,Guillermo,Coria,R,19820113,ARG,atp,14739,26578_26579_26580_26581
103835,Filippo,Volandri,R,19810905,ITA,atp,14321,26578_26534_26579_26580_26581_26582_26583
103888,Mardy,Fish,R,19811209,USA,atp,14252,26578_26534_26582_26583
104745,Rafael,Nadal,L,19860603,ESP,atp,3987,26578_26535_26582_26583
103908,Paul Henri,Mathieu,R,19820112,FRA,atp,138818,26578_26533_26580_26581_26582_26583_1008_2000
103238,Jean Claude,Scherrer,R,19780720,SUI,atp,15306,26533
106764,Christopher,Koderisch,U,19841125,GER,atp,0,26533
103254,Yves,Allegro,R,19780824,SUI,atp,27653,26533
103948,Maximilian,Abel,R,19820228,GER,atp,15595,26533_26579
102780,Frederic,Niemeyer,R,19760424,CAN,atp,11367,26533
103408,Brian,Vahaly,R,19790719,USA,atp,138825,26533
104252,Florian,Mayer,R,19831005,GER,atp,14403,26534_26579_26580_26535_26536_26581_26537_26582_1008_2000
103843,Marco,Chiudinelli,R,19810910,SUI,atp,27435,26534_26536_1984_2000
103582,Michael,Berrer,L,19800701,GER,atp,14279,26534_26538_26583_2000
104312,Andreas,Seppi,R,19840221,ITA,atp,3972,26534_26579_26580_26536_26581_26583_1008_2000
104269,Fernando,Verdasco,L,19831115,ESP,atp,14244,26534_26579_26580_26535_26581_26582_26583_991
103280,Martin,Verkerk,R,19781031,NED,atp,14450,26534_26579_26582
104026,Joachim,Johansson,R,19820701,SWE,atp,14933,26534_26579_26580_26535
104417,Robin,Soderling,R,19840814,SWE,atp,3990,26534_26579_26580_26535_26536_26581_26537_26582_26538_26583_1008
103401,Jan,Hernych,R,19790707,CZE,atp,14309,26534_26538_991_1008
102382,Julian,Knowle,L,19740429,AUT,atp,38512,26579
104068,Robby,Ginepri,R,19821007,USA,atp,3998,26579_26581_26582
103581,Flavio,Saretta,R,19800628,BRA,atp,14854,26579_26581
103169,Oscar,Hernandez,R,19780410,ESP,atp,14293,26579_26582_1008
103781,Jurgen,Melzer,L,19810522,AUT,atp,138808,26579_26580_26535_26581_26537_26582_991_1008_1984_2000
103454,Nicolas,Massu,R,19791010,CHI,atp,3949,26579_26580_26581_26582
103789,Irakli,Labadze,L,19810609,GEO,atp,14950,26579
103812,Victor,Hanescu,R,19810721,ROU,atp,3975,26579_991_1008_2000
103693,Thierry,Ascione,R,19810117,FRA,atp,14315,26579
103632,Luis,Horna,R,19800914,PER,atp,14272,26579_26580_26581_26583
104597,Nicolas,Almagro,R,19850821,ESP,atp,3986,26579_26580_26582_1008_2000
104607,Tomas,Berdych,R,19850917,CZE,atp,3954,26580_26536_26581_26537_26582_26538_26583_991
104339,Mario,Ancic,R,19840330,CRO,atp,14247,26580_26581
103566,Michael,Llodra,L,19800518,FRA,atp,3965,26580_26535_26538_26583
104332,Philipp,Petzschner,R,19840324,GER,atp,14302,26580_26538_991_1008_1984_2000
103294,Christophe,Rochus,R,19781215,BEL,atp,14299,26580_26535_26536_26581_991_1008_2000
103490,Santiago,Ventura,R,19800105,ESP,atp,14286,26580
104338,Juan,Monaco,R,19840329,ARG,atp,3938,26580_26581_26582_26583_1008
104214,Igor,Andreev,R,19830714,RUS,atp,3977,26580_26582_26583_1008
104755,Richard,Gasquet,R,19860618,FRA,atp,14243,26580_26536_26581_26537_26582_26583
103333,Ivo,Karlovic,R,19790228,CRO,atp,3951,26580_26583
104499,Jimmy,Wang,R,19850208,TPE,atp,41678,26535
102800,Nenad,Zimonjic,R,19760604,SRB,atp,33763,26535
103523,Rohan,Bopanna,R,19800304,IND,atp,14459,26536_1984
102567,George,Bastl,R,19750401,SUI,atp,14462,26536
103722,Florent,Serra,R,19810228,FRA,atp,14268,26536_26581_26582_991_1008_1984_2000
104571,Marcos,Baghdatis,R,19850617,CYP,atp,14249,26536_26581_26537_26582_26538_1984
104468,Gilles,Simon,R,19841227,FRA,atp,3964,26536_26581_26537_26582_26583_1008_2000
104019,Kristof,Vliegen,R,19820622,BEL,atp,14308,26536_26581_26537_26583
104527,Stanislas,Wawrinka,R,19850328,SUI,atp,3993,26536_26581_26537_26582_26583_1008
103794,Benjamin,Becker,R,19810616,GER,atp,14295,26536_26537_26582_26538_991_1984
104081,Boris,Pashanski,R,19821103,SRB,atp,14314,26536_26581
103709,Kristian,Pless,R,19810209,DEN,atp,14312,26536
104160,Lukas,Dlouhy,R,19830409,CZE,atp,14389,26581
104198,Guillermo,Garcia Lopez,R,19830604,ESP,atp,14265,26581_26582_1008_1984
104918,Andy,Murray,R,19870515,GBR,atp,3969,26581_26582_26583
104792,Gael,Monfils,R,19860901,FRA,atp,3961,26581
104098,Dmitry,Tursunov,R,19821212,RUS,atp,3976,26581_26582_26538_26583_991
104925,Novak,Djokovic,R,19870522,SRB,atp,3980,26581_26582_26583_991
104076,Jose,Acasuso,R,19821020,ARG,atp,14258,26581_26582_26583_1008
103752,Simon,Greul,R,19810413,GER,atp,14413,26581_1008_1984_2000
104559,Teymuraz,Gabashvili,R,19850523,RUS,atp,14288,26537_1008
102967,Marc,Gicquel,R,19770330,FRA,atp,14256,26537_26582_26538_991_2000
103325,Wesley,Moodie,R,19790214,RSA,atp,14478,26537
104217,Simon,Stadler,L,19830720,GER,atp,14336,26537
104999,Mischa,Zverev,L,19870822,GER,atp,14277,26537_26538_26583_991_1008_1984_2000
103188,Michael,Russell,R,19780501,USA,atp,14381,26537
103529,Aisam Ul Haq,Qureshi,R,19800317,PAK,atp,138857,26537
105095,Evgeny,Korolev,R,19880214,KAZ,atp,14271,26537_1008_2000
105023,Sam,Querrey,R,19871007,USA,atp,3997,26537
104620,Simone,Bolelli,R,19851008,ITA,atp,3971,26582_26583_991_2000
103898,Julien,Benneteau,R,19811220,FRA,atp,14257,26582_26538_26583_1008
104121,Tobias,Summerer,R,19830201,GER,atp,15366,26582
102788,Jan,Vacek,R,19760510,CZE,atp,14532,26538
103822,Scott,Lipsky,R,19810814,USA,atp,14967,26538
104898,Robin,Haase,R,19870406,NED,atp,14264,26538
104327,Steve,Darcis,R,19840313,BEL,atp,3944,26538_26583_1008
104676,Andreas,Beck,L,19860205,GER,atp,14297,26538_26583_991_1008_1984_2000
103823,Denis,Gremelmayr,L,19810816,GER,atp,14275,26538
104542,Jo Wilfried,Tsonga,R,19850417,FRA,atp,14245,26583_991
103917,Nicolas,Mahut,R,19820121,FRA,atp,14282,26583
104371,Ivo,Minar,R,19840521,CZE,atp,3956,26583_1008
104719,Marcel,Granollers,R,19860412,ESP,atp,14259,26583_1008_2000
104386,Janko,Tipsarevic,R,19840622,SRB,atp,3981,26583_1008
104445,Jose Antonio,Sanchez De Luna,R,19841018,ESP,atp,14435,26583
105227,Marin,Cilic,R,19880928,CRO,atp,3953,26583
104851,Gianluca,Naso,R,19870106,ITA,atp,14419,26583
103808,Potito,Starace,R,19810714,ITA,atp,3970,26583_1008_2000
105041,Lukas,Lacko,R,19871103,SVK,atp,14354,991_1984
103857,Igor,Kunitsyn,R,19810930,RUS,atp,14267,991
102512,Joseph,Sirianni,R,19750117,AUS,atp,14341,991
104678,Viktor,Troicki,R,19860210,SRB,atp,14274,991_1008_1984
104534,Dudi,Sela,R,19850404,ISR,atp,14269,991
104978,Daniel,Brands,R,19870717,GER,atp,14432,1008_2000
104003,Victor,Crivoi,R,19820525,ROU,atp,14406,1008
105137,Pere,Riba,R,19880407,ESP,atp,14396,1008_2000
104926,Fabio,Fognini,R,19870524,ITA,atp,14266,1008_2000
103506,Martin,Vassallo Arguello,R,19800210,ARG,atp,138829,1008
104655,Pablo,Cuevas,R,19860101,URU,atp,14318,1008_2000
104216,Maximo,Gonzalez,R,19830720,ARG,atp,14287,1008_2000
103868,Ivan,Navarro,R,19811019,ESP,atp,14285,1008
105906,Kevin,Krawietz,R,19920124,GER,atp,30212,1008
104871,Jeremy,Chardy,R,19870212,FRA,atp,14284,1008_1984_2000
104268,Alejandro,Falla,L,19831114,COL,atp,14301,1984
103174,Noam,Okun,R,19780416,ISR,atp,14585,1984
105074,Ruben,Bemelmans,L,19880114,BEL,atp,14472,1984
103747,Dominik,Meffert,R,19810409,GER,atp,14369,1984
103429,Peter,Luczak,R,19790831,AUS,atp,14337,1984
105217,Thiemo,De Bakker,R,19880919,NED,atp,14421,1984
104660,Sergiy,Stakhovsky,R,19860106,UKR,atp,14316,1984_2000
104628,Alexander,Kudryavtsev,R,19851026,RUS,atp,14373,1984
104783,Mikhail,Ledovskikh,R,19860808,RUS,atp,14366,1984
104979,Andrey,Golubev,R,19870722,KAZ,atp,14339,2000
104714,Julian,Reister,R,19860402,GER,atp,14539,2000
104797,Denis,Istomin,R,19860907,UZB,atp,14330,2000
104586,Lukas,Rosol,R,19850724,CZE,atp,14350,2000
104225,Jan,Hajek,R,19830807,CZE,atp,14703,2000
104724,Eduardo,Schwank,R,19860423,ARG,atp,14260,2000
104735,Tobias,Kamke,R,19860521,GER,atp,14361,2000
103565,Stephane,Robert,R,19800517,FRA,atp,14811,2000
103105,Ruben,Ramirez Hidalgo,R,19780106,ESP,atp,14335,2000
105077,Albert,Ramos,L,19880117,ESP,atp,14667,2000
105238,Alexandr,Dolgopolov,R,19881107,UKR,atp,14553,2000
105064,Thomaz,Bellucci,L,19871230,BRA,atp,3946,2000
