1,85219,137463,0
2,85219,137434,0
3,85219,141128,0
4,85219,137510,0
5,85219,137346,0
6,85219,137650,0
7,85219,137501,0
8,85219,137363,0
9,85219,137669,0
10,85219,137443,0
11,85219,137464,0
12,85219,137489,0
13,85219,141132,0
14,85219,137414,0
15,85219,137500,0
16,85219,137494,0
17,85220,137337,0
18,85220,137434,0
19,85220,137427,0
20,85220,137346,0
21,85220,137430,0
22,85220,137432,0
23,85220,137505,0
24,85220,137374,0
25,85220,137452,0
26,85220,137669,0
27,85220,137489,0
28,85220,137537,0
29,85220,137414,0
30,85220,137447,0
31,85220,137493,13
32,85220,137440,0
33,85221,137337,0
34,85221,137346,0
35,85221,137430,0
36,85221,137374,0
37,85221,137452,12
38,85221,137537,0
39,85221,137414,0
40,85221,137440,0
41,85222,137337,0
42,85222,137374,0
43,85222,137537,0
44,85222,137414,0
45,85223,137337,0
46,85223,137414,0
47,85224,137337,0
48,85225,137465,0
49,85225,137493,0
50,85225,141135,0
51,85225,137659,0
52,85225,137452,0
53,85225,137430,0
54,85225,137422,13
55,85225,137505,0
56,85225,137462,0
57,85225,137501,13
58,85225,137346,13
59,85225,137510,0
60,85225,137552,0
61,85225,137363,0
62,85225,137519,0
63,85225,137537,13
64,85225,141136,0
65,85225,137443,0
66,85226,137440,0
67,85226,137427,0
68,85226,137512,0
69,85226,137473,0
70,85226,141135,0
71,85226,137452,0
72,85226,137422,0
73,85226,137462,0
74,85226,137414,0
75,85226,137346,0
76,85226,137552,0
77,85226,137347,0
78,85226,137537,0
79,85226,137443,0
80,85226,137669,0
81,85226,137432,0
82,85227,137440,0
83,85227,137512,0
84,85227,141135,0
85,85227,137422,0
86,85227,137414,0
87,85227,137347,0
88,85227,137537,0
89,85227,137432,0
90,85228,137440,0
91,85228,141135,0
92,85228,137414,0
93,85228,137432,0
94,85229,137440,0
95,85229,137432,0
96,85230,137440,0
97,85231,137374,13
98,85231,141136,0
99,85231,137464,0
100,85231,137829,0
101,85231,137732,0
102,85231,137505,13
103,85231,137490,13
104,85231,137347,0
105,85231,137633,0
106,85231,137669,0
107,85231,137661,0
108,85231,137671,13
109,85231,137452,13
110,85231,137457,0
111,85231,137447,0
112,85231,137462,0
113,85231,141131,0
114,85231,137672,0
115,85231,137443,0
116,85231,137473,0
117,85231,137543,0
118,85231,137664,0
119,85231,137512,0
120,85232,137440,0
121,85232,137493,0
122,85232,137374,0
123,85232,137464,0
124,85232,137552,0
125,85232,137505,0
126,85232,137347,0
127,85232,137669,0
128,85232,137671,0
129,85232,137447,0
130,85232,137462,0
131,85232,137443,0
132,85232,137473,0
133,85232,137512,0
134,85232,137463,0
135,85232,137432,0
136,85233,137440,0
137,85233,137374,0
138,85233,137552,0
139,85233,137347,0
140,85233,137447,0
141,85233,137443,0
142,85233,137512,0
143,85233,137432,0
144,85234,137440,0
145,85234,137552,0
146,85234,137443,0
147,85234,137432,0
148,85235,137552,0
149,85235,137432,0
150,85236,137432,0
151,85237,137400,0
152,85237,137573,12
153,85237,141135,0
154,85237,137732,0
155,85237,137455,0
156,85237,137669,0
157,85237,137642,12
158,85237,137633,0
159,85237,137505,0
160,85237,137396,0
161,85237,137659,0
162,85237,137374,0
163,85237,137463,0
164,85237,137664,0
165,85237,137416,0
166,85237,137443,0
167,85238,137400,0
168,85238,141135,0
169,85238,137455,0
170,85238,137642,0
171,85238,137505,0
172,85238,137659,0
173,85238,137463,0
174,85238,137443,0
175,85239,137400,0
176,85239,137642,12
177,85239,137659,0
178,85239,137443,0
179,85240,137400,0
180,85240,137659,0
181,85241,137400,0
182,85242,137443,0
183,85242,137769,0
184,85242,137680,0
185,85242,137671,0
186,85242,137459,0
187,85242,137681,0
188,85242,137593,0
189,85242,137500,0
190,85242,137795,0
191,85242,137552,0
192,85242,137573,0
193,85242,141145,0
194,85242,137669,0
195,85242,137430,0
196,85242,137501,0
197,85242,137455,0
198,85243,137443,0
199,85243,137671,0
200,85243,137459,0
201,85243,137593,0
202,85243,137552,0
203,85243,141145,0
204,85243,137430,0
205,85243,137455,0
206,85244,137443,0
207,85244,137593,0
208,85244,141145,0
209,85244,137455,0
210,85245,137593,0
211,85245,137455,0
212,85246,137455,0
213,85247,137795,0
214,85247,137368,0
215,85247,137459,0
216,85247,137933,0
217,85247,137778,0
218,85247,137355,0
219,85247,137633,0
220,85247,137697,0
221,85247,137669,0
222,85247,137485,0
223,85247,137766,0
224,85247,137597,0
225,85247,137671,0
226,85247,137461,0
227,85247,137732,0
228,85247,137473,0
229,85247,137659,0
230,85247,137463,0
231,85247,137537,0
232,85247,137769,13
233,85247,137764,0
234,85247,137829,0
235,85247,137457,0
236,85247,137543,0
237,85247,137375,13
238,85247,137494,0
239,85247,137510,0
240,85247,137370,0
241,85247,137637,0
242,85247,137758,0
243,85248,137337,0
244,85248,137368,0
245,85248,137778,0
246,85248,137355,0
247,85248,137455,0
248,85248,137669,0
249,85248,137766,0
250,85248,137671,0
251,85248,137732,0
252,85248,137463,0
253,85248,137769,0
254,85248,137764,0
255,85248,137457,0
256,85248,137494,0
257,85248,137370,0
258,85248,137637,0
259,85249,137368,0
260,85249,137355,0
261,85249,137669,0
262,85249,137671,0
263,85249,137732,0
264,85249,137764,0
265,85249,137494,0
266,85249,137637,0
267,85250,137355,0
268,85250,137671,0
269,85250,137764,0
270,85250,137494,0
271,85251,137671,0
272,85251,137764,0
273,85252,137764,0
274,85253,137848,0
275,85253,137642,0
276,85253,137669,0
277,85253,141150,0
278,85254,137534,0
279,85254,137766,0
280,85254,137697,0
281,85254,137659,0
282,85254,137693,0
283,85254,137493,0
284,85254,137532,0
285,85254,137848,0
286,85254,141150,0
287,85254,137723,0
288,85254,137633,0
289,85254,137764,0
290,85254,137494,0
291,85254,137732,0
292,85254,137510,0
293,85254,137355,0
294,85255,137534,0
295,85255,137697,0
296,85255,137493,0
297,85255,137532,0
298,85255,141150,0
299,85255,137764,0
300,85255,137732,0
301,85255,137355,0
302,85256,137697,12
303,85256,137493,0
304,85256,137764,0
305,85256,137355,12
306,85257,137493,0
307,85257,137764,0
308,85258,137764,0
309,85259,137697,0
310,85259,137685,0
311,85259,137573,0
312,85259,137846,0
313,85259,137443,0
314,85259,137500,0
315,85259,137661,0
316,85259,137502,0
317,85259,137764,0
318,85259,137669,0
319,85259,137663,0
320,85259,137770,0
321,85259,137386,0
322,85259,137872,0
323,85259,137854,0
324,85259,137853,0
325,85259,137675,0
326,85259,137671,0
327,85259,137821,0
328,85259,137522,0
329,85259,137370,0
330,85259,137936,0
331,85259,137654,0
332,85259,137455,0
333,85259,137363,0
334,85259,137355,0
335,85259,137848,0
336,85259,137766,0
337,85259,137780,0
338,85259,137693,0
339,85259,137490,0
340,85259,137552,0
341,85260,137697,0
342,85260,137573,0
343,85260,137443,0
344,85260,137502,0
345,85260,137669,0
346,85260,137770,0
347,85260,137872,0
348,85260,137854,0
349,85260,137671,0
350,85260,137522,0
351,85260,137370,0
352,85260,137455,0
353,85260,137363,0
354,85260,137766,0
355,85260,137693,0
356,85260,137552,0
357,85261,137697,0
358,85261,137443,0
359,85261,137770,0
360,85261,137872,0
361,85261,137522,0
362,85261,137455,0
363,85261,137363,0
364,85261,137552,0
365,85262,137443,0
366,85262,137770,0
367,85262,137455,0
368,85262,137552,0
369,85263,137443,0
370,85263,137455,0
371,85264,137455,0
372,85265,137455,0
373,85265,137832,0
374,85265,137547,0
375,85265,137654,0
376,85265,137532,0
377,85265,137848,0
378,85265,137500,0
379,85265,137854,0
380,85265,137355,0
381,85265,137923,0
382,85265,137534,0
383,85265,137444,0
384,85265,137679,0
385,85265,137830,0
386,85265,137871,0
387,85265,137732,0
388,85265,137800,0
389,85265,137780,0
390,85265,137485,0
391,85265,137522,0
392,85265,137661,0
393,85265,137722,0
394,85265,137618,0
395,85265,137738,0
396,85265,137853,0
397,85265,137775,0
398,85265,137730,0
399,85265,137872,0
400,85265,137494,0
401,85265,137865,0
402,85265,137506,0
403,85265,137764,0
404,85266,137455,0
405,85266,137547,0
406,85266,137848,0
407,85266,137500,0
408,85266,137355,0
409,85266,137534,0
410,85266,137830,0
411,85266,137732,0
412,85266,137780,0
413,85266,137522,0
414,85266,137661,0
415,85266,137738,0
416,85266,137853,0
417,85266,137730,0
418,85266,137865,12
419,85266,137764,0
420,85267,137455,0
421,85267,137848,0
422,85267,137355,0
423,85267,137732,0
424,85267,137780,0
425,85267,137661,0
426,85267,137853,0
427,85267,137764,0
428,85268,137455,0
429,85268,137355,0
430,85268,137661,0
431,85268,137764,0
432,85269,137455,0
433,85269,137764,0
434,85270,137764,0
435,85271,137697,0
436,85271,137784,12
437,85271,137671,0
438,85271,137678,0
439,85271,137780,0
440,85271,137473,0
441,85271,137775,0
442,85271,137868,0
443,85271,137457,0
444,85271,137522,0
445,85271,137800,0
446,85271,137821,0
447,85271,137733,0
448,85271,137685,0
449,85271,137770,0
450,85271,137738,0
451,85271,137923,0
452,85271,137819,0
453,85271,137848,0
454,85271,137534,0
455,85271,137567,0
456,85271,137827,0
457,85271,137374,0
458,85271,137355,0
459,85271,137512,0
460,85271,137500,0
461,85271,137701,0
462,85271,137444,0
463,85271,137832,0
464,85271,137865,0
465,85271,137948,0
466,85271,137455,0
467,85272,137697,0
468,85272,137678,0
469,85272,137780,0
470,85272,137775,0
471,85272,137457,0
472,85272,137800,0
473,85272,137733,0
474,85272,137770,0
475,85272,137923,0
476,85272,137534,0
477,85272,137827,0
478,85272,137355,0
479,85272,137512,0
480,85272,137444,0
481,85272,137832,0
482,85272,137455,0
483,85273,137697,0
484,85273,137775,0
485,85273,137800,0
486,85273,137770,0
487,85273,137923,0
488,85273,137355,0
489,85273,137512,0
490,85273,137455,0
491,85274,137775,0
492,85274,137770,0
493,85274,137355,0
494,85274,137455,0
495,85275,137770,0
496,85275,137455,0
497,85276,137770,0
498,85277,137697,0
499,85277,137473,0
500,85277,137494,0
501,85277,137853,0
502,85277,137832,0
503,85277,137878,0
504,85277,137826,0
505,85277,137972,0
506,85277,137455,0
507,85277,137822,0
508,85277,137347,0
509,85277,137958,0
510,85277,137788,0
511,85277,137807,0
512,85277,137642,0
513,85277,137355,0
514,85277,137775,0
515,85277,137370,0
516,85277,137830,0
517,85277,137810,0
518,85277,137738,0
519,85277,137976,0
520,85277,141151,0
521,85277,137337,0
522,85277,137872,0
523,85277,137936,0
524,85277,137980,0
525,85277,137780,0
526,85277,137770,0
527,85277,137532,0
528,85277,137680,0
529,85277,137764,0
530,85278,137697,0
531,85278,137853,0
532,85278,137832,0
533,85278,137972,0
534,85278,137455,0
535,85278,137347,0
536,85278,137807,0
537,85278,137642,0
538,85278,137775,0
539,85278,137810,0
540,85278,137738,0
541,85278,141151,0
542,85278,137872,0
543,85278,137980,0
544,85278,137770,0
545,85278,137764,0
546,85279,137697,0
547,85279,137832,0
548,85279,137455,0
549,85279,137642,0
550,85279,137775,0
551,85279,141151,0
552,85279,137872,0
553,85279,137770,0
554,85280,137697,0
555,85280,137455,0
556,85280,137775,0
557,85280,137872,0
558,85281,137697,12
559,85281,137872,0
560,85282,137697,0
561,85283,137805,0
562,85283,137931,0
563,85283,137868,0
564,85283,137957,0
565,85283,137854,0
566,85283,137916,0
567,85283,137547,0
568,85283,137981,0
569,85283,137764,0
570,85283,137797,0
571,85283,14412,0
572,85283,137552,0
573,85283,137729,0
574,85283,141152,0
575,85283,137784,0
576,85283,137853,0
577,85283,137455,0
578,85283,137972,0
579,85283,137882,0
580,85283,137848,0
581,85283,137597,0
582,85283,137932,0
583,85283,137819,0
584,85283,137929,0
585,85283,137872,0
586,85283,137867,0
587,85283,137347,0
588,85283,137780,0
589,85283,137463,0
590,85283,138038,0
591,85283,137944,0
592,85283,137766,0
593,85284,137805,0
594,85284,137957,0
595,85284,137916,0
596,85284,137981,0
597,85284,137764,0
598,85284,137552,0
599,85284,137729,0
600,85284,137853,0
601,85284,137455,0
602,85284,137848,0
603,85284,137932,0
604,85284,137819,0
605,85284,137872,0
606,85284,137780,0
607,85284,137463,0
608,85284,137766,0
609,85285,137957,12
610,85285,137981,0
611,85285,137764,0
612,85285,137853,0
613,85285,137848,0
614,85285,137932,0
615,85285,137872,0
616,85285,137766,0
617,85286,137957,0
618,85286,137853,0
619,85286,137848,0
620,85286,137766,0
621,85287,137853,0
622,85287,137766,0
623,85288,137853,0
624,85289,137697,0
625,85289,138012,0
626,85289,138057,0
627,85289,137938,0
628,85289,15857,0
629,85289,137522,0
630,85289,137980,0
631,85289,138071,0
632,85289,132503,0
633,85289,137937,0
634,85289,138063,0
635,85289,137801,0
636,85289,137780,0
637,85289,137411,0
638,85289,137835,0
639,85289,141151,0
640,85289,137957,0
641,85289,137865,0
642,85289,137936,0
643,85289,137932,0
644,85289,137347,0
645,85289,137907,0
646,85289,137819,0
647,85289,141151,0
648,85289,137455,0
649,85289,137832,0
650,85289,137941,0
651,85289,137901,0
652,85289,137750,0
653,85289,137868,0
654,85289,138073,0
655,85289,137766,0
656,85290,137697,0
657,85290,137938,0
658,85290,15857,0
659,85290,138071,0
660,85290,132503,0
661,85290,137801,0
662,85290,137780,0
663,85290,137835,0
664,85290,137957,0
665,85290,137932,0
666,85290,137907,0
667,85290,137819,0
668,85290,137455,0
669,85290,137941,0
670,85290,137868,0
671,85290,137766,0
672,85291,137697,0
673,85291,15857,0
674,85291,132503,0
675,85291,137780,0
676,85291,137957,0
677,85291,137819,0
678,85291,137455,0
679,85291,137766,0
680,85292,137697,0
681,85292,132503,0
682,85292,137957,0
683,85292,137766,0
684,85293,137697,0
685,85293,137766,0
686,85294,137766,0
687,85295,137683,0
688,85295,137865,0
689,85295,137980,0
690,85295,138052,0
691,85295,137868,0
692,85295,138063,0
693,85295,137972,0
694,85295,137932,0
695,85295,137957,0
696,85295,137832,0
697,85295,137898,0
698,85295,137874,0
699,85295,137853,0
700,85295,138100,0
701,85295,138021,0
702,85295,137780,0
703,85295,137867,0
704,85295,137902,0
705,85295,138110,0
706,85295,137994,0
707,85295,137946,12
708,85295,138071,0
709,85295,137929,0
710,85295,137717,0
711,85295,137854,0
712,85295,137938,0
713,85295,138073,0
714,85295,137729,0
715,85295,137888,0
716,85295,138066,0
717,85295,133269,0
718,85295,137766,0
719,85296,137683,0
720,85296,137980,0
721,85296,137868,0
722,85296,137932,0
723,85296,137957,0
724,85296,137898,0
725,85296,137853,0
726,85296,137780,0
727,85296,137867,0
728,85296,138110,0
729,85296,137946,0
730,85296,137929,0
731,85296,137854,0
732,85296,137729,0
733,85296,137888,0
734,85296,137766,0
735,85297,137683,0
736,85297,137932,0
737,85297,137898,0
738,85297,137780,0
739,85297,137867,0
740,85297,137929,0
741,85297,137729,0
742,85297,137766,0
743,85298,137683,0
744,85298,137780,0
745,85298,137867,0
746,85298,137766,0
747,85299,137683,0
748,85299,137867,0
749,85300,137867,0
750,85301,137683,0
751,85301,138070,0
752,85301,137921,0
753,85301,137972,0
754,85301,137907,0
755,85301,138113,0
756,85301,137457,0
757,85301,15857,0
758,85301,137867,0
759,85301,137874,0
760,85301,138100,0
761,85301,137872,0
762,85301,137775,0
763,85301,138017,0
764,85301,138123,0
765,85301,137764,0
766,85301,137780,0
767,85301,137848,0
768,85301,138191,0
769,85301,137932,0
770,85301,138063,0
771,85301,138076,0
772,85301,137941,0
773,85301,137691,0
774,85301,137854,0
775,85301,138042,0
776,85301,138021,0
777,85301,138110,0
778,85301,137853,0
779,85301,137937,0
780,85301,137766,0
781,85301,137957,0
782,85302,137683,0
783,85302,137972,0
784,85302,137907,0
785,85302,15857,0
786,85302,137867,0
787,85302,137872,0
788,85302,137775,0
789,85302,137764,0
790,85302,137780,0
791,85302,137932,0
792,85302,138063,0
793,85302,137691,0
794,85302,138042,0
795,85302,138110,0
796,85302,137853,0
797,85302,137957,0
798,85303,137683,0
799,85303,15857,0
800,85303,137867,0
801,85303,137775,0
802,85303,137932,0
803,85303,137691,0
804,85303,138110,0
805,85303,137853,0
806,85304,15857,12
807,85304,137867,0
808,85304,137691,0
809,85304,137853,0
810,85305,137867,0
811,85305,137853,0
812,85306,137853,0
813,85307,137835,0
814,85307,137780,0
815,85307,138075,0
816,85307,138035,0
817,85307,138205,0
818,85307,138068,0
819,85307,137455,0
820,85307,138132,0
821,85307,137865,0
822,85307,137941,0
823,85307,138208,0
824,85307,138065,0
825,85307,138135,0
826,85307,137729,0
827,85307,137872,0
828,85307,138084,0
829,85307,138123,0
830,85307,137567,0
831,85307,137424,0
832,85307,138147,0
833,85307,138191,0
834,85307,137932,0
835,85307,138113,0
836,85307,14412,0
837,85308,132503,0
838,85308,137780,0
839,85308,138035,0
840,85308,137693,0
841,85308,138110,0
842,85308,138132,0
843,85308,138208,0
844,85308,108216,0
845,85308,137957,0
846,85308,137872,0
847,85308,138084,0
848,85308,137853,0
849,85308,137424,0
850,85308,138191,0
851,85308,137932,0
852,85308,137697,0
853,85309,137780,0
854,85309,138035,0
855,85309,138110,0
856,85309,108216,0
857,85309,137957,0
858,85309,137853,0
859,85309,137424,0
860,85309,137697,0
861,85310,138035,0
862,85310,108216,0
863,85310,137853,0
864,85310,137697,0
865,85311,108216,0
866,85311,137853,0
867,85312,108216,0
868,85313,137807,0
869,85313,137954,0
870,85313,138147,0
871,85313,137810,0
872,85313,137872,0
873,85313,138199,0
874,85313,141157,0
875,85313,138012,0
876,85313,138063,0
877,85313,138134,0
878,85313,107464,0
879,85313,138205,0
880,85313,137865,0
881,85313,138067,0
882,85313,138113,0
883,85313,137886,0
884,85313,138101,0
885,85313,138191,0
886,85313,138129,0
887,85313,138208,0
888,85313,137972,0
889,85313,137907,0
890,85313,137822,0
891,85313,138056,0
892,85314,138110,0
893,85314,138147,0
894,85314,137872,0
895,85314,138199,0
896,85314,15857,0
897,85314,138063,0
898,85314,138134,0
899,85314,137932,0
900,85314,137697,0
901,85314,138113,0
902,85314,137886,0
903,85314,137853,0
904,85314,138129,0
905,85314,138208,0
906,85314,137907,0
907,85314,108216,0
908,85315,138110,0
909,85315,138199,0
910,85315,15857,0
911,85315,138134,0
912,85315,137697,0
913,85315,137886,0
914,85315,138208,0
915,85315,108216,0
916,85316,138110,0
917,85316,138134,0
918,85316,137697,0
919,85316,138208,0
920,85317,138134,0
921,85317,138208,0
922,85318,138208,0
923,85319,138223,0
924,85319,138235,0
925,85319,138205,0
926,85319,137697,0
927,85319,137860,0
928,85319,137921,0
929,85319,138191,0
930,85319,138084,0
931,85319,137854,0
932,85319,14789,0
933,85319,138012,0
934,85319,138267,0
935,85319,138114,0
936,85319,137976,0
937,85319,138182,0
938,85319,137981,0
939,85319,137941,0
940,85319,138236,0
941,85319,138066,0
942,85319,14412,0
943,85319,137780,0
944,85319,138063,0
945,85319,137907,0
946,85319,138040,0
947,85320,138110,0
948,85320,138205,0
949,85320,137697,0
950,85320,138238,0
951,85320,138100,0
952,85320,138084,0
953,85320,14789,0
954,85320,138199,0
955,85320,138208,0
956,85320,138182,0
957,85320,137981,0
958,85320,138236,0
959,85320,138134,0
960,85320,14412,0
961,85320,138063,0
962,85320,15857,0
963,85321,138110,0
964,85321,137697,0
965,85321,138100,0
966,85321,14789,0
967,85321,138182,0
968,85321,137981,0
969,85321,138134,0
970,85321,15857,0
971,85322,138110,0
972,85322,14789,0
973,85322,137981,0
974,85322,138134,0
975,85323,14789,0
976,85323,138134,0
977,85324,14789,0
978,85325,137994,0
979,85325,138168,0
980,85325,138235,0
981,85325,137697,0
982,85325,138135,0
983,85325,138280,0
984,85325,14412,0
985,85325,138120,0
986,85325,138318,0
987,85325,137941,0
988,85325,138346,0
989,85325,36732,0
990,85325,138205,0
991,85325,137932,0
992,85325,138223,0
993,85325,138316,0
994,85325,138357,0
995,85325,138182,0
996,85325,138199,0
997,85325,138274,0
998,85325,138240,0
999,85325,137807,0
1000,85325,138134,0
1001,85325,138314,0
1002,85326,137994,0
1003,85326,138235,0
1004,85326,138135,0
1005,85326,138224,0
1006,85326,138070,0
1007,85326,138318,0
1008,85326,138346,0
1009,85326,36732,0
1010,85326,138205,0
1011,85326,138223,0
1012,85326,138357,0
1013,85326,14789,0
1014,85326,138237,0
1015,85326,138240,0
1016,85326,138134,0
1017,85326,138100,0
1018,85327,137994,0
1019,85327,138224,0
1020,85327,138070,0
1021,85327,36732,0
1022,85327,138223,0
1023,85327,14789,0
1024,85327,138240,0
1025,85327,138134,0
1026,85328,138224,0
1027,85328,138070,0
1028,85328,14789,0
1029,85328,138240,0
1030,85329,138070,0
1031,85329,14789,0
1032,85330,138070,0
1033,85331,138246,0
1034,85331,138182,0
1035,85331,138235,0
1036,85331,138056,0
1037,85331,137976,0
1038,85331,138231,0
1039,85331,138344,0
1040,85331,138300,0
1041,85331,137957,0
1042,85331,138316,0
1043,85331,138349,0
1044,85331,138147,0
1045,85331,138052,0
1046,85331,138120,0
1047,85331,138278,0
1048,85331,138307,0
1049,85331,138199,0
1050,85331,137932,0
1051,85331,138346,0
1052,85331,138241,0
1053,85331,138223,0
1054,85331,138318,0
1055,85331,138313,0
1056,85331,138022,0
1057,85332,132503,0
1058,85332,138182,0
1059,85332,138056,0
1060,85332,137697,0
1061,85332,138240,0
1062,85332,137957,0
1063,85332,138349,0
1064,85332,138224,0
1065,85332,138100,0
1066,85332,138120,0
1067,85332,138307,0
1068,85332,138256,0
1069,85332,138237,0
1070,85332,138241,0
1071,85332,138318,0
1072,85332,14789,0
1073,85333,132503,0
1074,85333,138056,0
1075,85333,138240,0
1076,85333,138224,0
1077,85333,138120,0
1078,85333,138256,0
1079,85333,138237,0
1080,85333,14789,0
1081,85334,132503,0
1082,85334,138240,0
1083,85334,138120,0
1084,85334,14789,0
1085,85335,132503,0
1086,85335,14789,0
1087,85336,132503,0
1088,85337,134351,0
1089,85337,138335,0
1090,85337,138182,0
1091,85337,138120,0
1092,85337,138350,0
1093,85337,138205,0
1094,85337,138270,0
1095,85337,138319,0
1096,85337,138396,0
1097,85337,138231,0
1098,85337,138324,0
1099,85337,138405,0
1100,85337,138313,0
1101,85337,138300,0
1102,85337,138344,0
1103,85337,138316,0
1104,85337,137697,0
1105,85337,138246,0
1106,85337,138274,0
1107,85337,138214,0
1108,85337,138226,0
1109,85337,138412,0
1110,85337,138199,0
1111,85337,138092,0
1112,85338,107464,0
1113,85338,138335,0
1114,85338,138350,0
1115,85338,138346,0
1116,85338,138100,0
1117,85338,138319,0
1118,85338,138231,0
1119,85338,138070,0
1120,85338,138313,0
1121,85338,138300,0
1122,85338,137697,0
1123,85338,138246,0
1124,85338,138274,0
1125,85338,138226,0
1126,85338,138412,0
1127,85338,138240,0
1128,85339,107464,0
1129,85339,138346,0
1130,85339,138100,0
1131,85339,138070,0
1132,85339,138300,0
1133,85339,137697,0
1134,85339,138226,0
1135,85339,138240,0
1136,85340,107464,0
1137,85340,138070,0
1138,85340,138300,0
1139,85340,138240,0
1140,85341,138070,0
1141,85341,138240,0
1142,85342,138240,0
1143,85343,138456,0
1144,85343,138347,0
1145,85343,138420,0
1146,85343,138280,0
1147,85343,138357,0
1148,85343,138403,0
1149,85343,138063,0
1150,85343,138344,0
1151,85343,138182,0
1152,85343,138457,0
1153,85343,138241,0
1154,85343,138513,12
1155,85343,138205,0
1156,85343,138412,0
1157,85343,138355,0
1158,85343,138313,0
1159,85343,138338,0
1160,85343,138395,0
1161,85343,138394,0
1162,85343,138307,0
1163,85343,138224,0
1164,85343,138237,0
1165,85343,138514,0
1166,85343,138349,0
1167,85344,132503,0
1168,85344,138347,0
1169,85344,138280,0
1170,85344,138346,0
1171,85344,138063,0
1172,85344,138344,0
1173,85344,138457,0
1174,85344,137683,0
1175,85344,138205,0
1176,85344,138355,0
1177,85344,138313,0
1178,85344,138395,0
1179,85344,138394,0
1180,85344,138307,0
1181,85344,138237,0
1182,85344,107464,0
1183,85345,132503,0
1184,85345,138280,0
1185,85345,138344,0
1186,85345,137683,0
1187,85345,138205,0
1188,85345,138313,0
1189,85345,138307,0
1190,85345,107464,0
1191,85346,132503,0
1192,85346,138344,0
1193,85346,138313,0
1194,85346,107464,13
1195,85347,132503,0
1196,85347,138313,0
1197,85348,132503,0
1198,85361,138307,0
1199,85361,138456,0
1200,85361,138514,0
1201,85361,138041,0
1202,85361,138223,0
1203,85361,138403,0
1204,85361,138297,0
1205,85361,138070,0
1206,85361,138300,12
1207,85361,138357,0
1208,85361,138288,0
1209,85361,138314,0
1210,85361,138347,0
1211,85361,138503,0
1212,85361,138344,0
1213,85361,138304,0
1214,85361,138168,0
1215,85361,14261,0
1216,85361,138208,0
1217,85361,138458,0
1218,85361,138447,0
1219,85361,138404,0
1220,85361,138420,0
1221,85361,138121,0
1222,85362,107464,0
1223,85362,138456,0
1224,85362,138041,0
1225,85362,138500,0
1226,85362,138201,0
1227,85362,138070,0
1228,85362,138357,0
1229,85362,138314,0
1230,85362,138293,0
1231,85362,138503,0
1232,85362,138168,0
1233,85362,138224,0
1234,85362,138208,0
1235,85362,138447,0
1236,85362,138404,0
1237,85362,132501,12
1238,85363,107464,0
1239,85363,138041,0
1240,85363,138070,0
1241,85363,138357,0
1242,85363,138293,0
1243,85363,138168,0
1244,85363,138208,0
1245,85363,138404,0
1246,85364,107464,0
1247,85364,138070,0
1248,85364,138168,0
1249,85364,138208,0
1250,85365,107464,0
1251,85365,138208,0
1252,85366,138208,0
1253,85367,138437,0
1254,85367,138288,0
1255,85367,138201,0
1256,85367,132496,0
1257,85367,138458,0
1258,85367,138526,0
1259,85367,138313,0
1260,85367,138427,0
1261,85367,138239,0
1262,85367,138357,0
1263,85367,138460,0
1264,85367,138237,0
1265,85367,138235,0
1266,85367,138300,0
1267,85367,138304,0
1268,85367,138373,0
1269,85367,138353,0
1270,85367,138314,0
1271,85367,138507,0
1272,85367,138404,0
1273,85367,138456,0
1274,85367,138464,0
1275,85367,108216,0
1276,85367,138488,0
1277,85368,132502,0
1278,85368,138288,0
1279,85368,132496,0
1280,85368,138526,0
1281,85368,138444,0
1282,85368,138239,0
1283,85368,138460,0
1284,85368,138457,0
1285,85368,138235,0
1286,85368,138304,0
1287,85368,138373,0
1288,85368,138395,0
1289,85368,138507,0
1290,85368,138404,0
1291,85368,108216,0
1292,85368,138488,0
1293,85369,132502,0
1294,85369,132496,0
1295,85369,138239,0
1296,85369,138460,0
1297,85369,138304,0
1298,85369,138395,0
1299,85369,138404,0
1300,85369,108216,0
1301,85370,132496,0
1302,85370,138239,0
1303,85370,138304,12
1304,85370,138404,0
1305,85371,138239,0
1306,85371,138404,0
1307,85372,138239,0
1308,85373,138300,0
1309,85373,138599,0
1310,85373,138526,0
1311,85373,137942,0
1312,85373,138515,0
1313,85373,138427,0
1314,85373,138456,0
1315,85373,138458,0
1316,85373,36732,0
1317,85373,132501,0
1318,85373,138518,0
1319,85373,138336,0
1320,85373,138319,0
1321,85373,138346,0
1322,85373,138547,0
1323,85373,138313,0
1324,85373,138603,0
1325,85373,138344,0
1326,85373,138557,0
1327,85373,138507,0
1328,85373,138596,0
1329,85373,138522,0
1330,85373,138488,0
1331,85373,138270,0
1332,85374,132502,0
1333,85374,138526,0
1334,85374,138515,0
1335,85374,138427,0
1336,85374,138367,0
1337,85374,138458,0
1338,85374,138518,0
1339,85374,138336,0
1340,85374,138395,0
1341,85374,138547,0
1342,85374,138313,0
1343,85374,132496,0
1344,85374,138239,0
1345,85374,138507,0
1346,85374,138488,0
1347,85374,107464,0
1348,85375,132502,0
1349,85375,138427,0
1350,85375,138458,0
1351,85375,138518,0
1352,85375,138547,0
1353,85375,132496,0
1354,85375,138239,0
1355,85375,107464,0
1356,85376,132502,0
1357,85376,138518,0
1358,85376,132496,0
1359,85376,107464,0
1360,85377,132502,0
1361,85377,132496,0
1362,85378,132502,0
1363,85379,138420,0
1364,85379,138349,0
1365,85379,138224,0
1366,85379,138519,0
1367,85379,138541,0
1368,85379,15371,0
1369,85379,138422,0
1370,85379,138624,0
1371,85379,138562,0
1372,85379,36732,0
1373,85379,138419,0
1374,85379,138300,0
1375,85379,138591,0
1376,85379,138488,0
1377,85379,138278,0
1378,85379,138509,0
1379,85379,138526,0
1380,85379,138235,12
1381,85379,138391,0
1382,85379,138404,0
1383,85379,138280,0
1384,85379,138319,0
1385,85379,138571,0
1386,85379,138344,0
1387,85380,132502,0
1388,85380,138224,0
1389,85380,138541,0
1390,85380,138547,0
1391,85380,132503,0
1392,85380,138562,0
1393,85380,36732,0
1394,85380,132496,0
1395,85380,138591,0
1396,85380,138278,0
1397,85380,138526,13
1398,85380,138235,0
1399,85380,138239,0
1400,85380,138404,0
1401,85380,138571,0
1402,85380,107464,0
1403,85381,138224,0
1404,85381,138547,0
1405,85381,132503,0
1406,85381,132496,0
1407,85381,138278,0
1408,85381,138235,0
1409,85381,138404,0
1410,85381,138571,0
1411,85382,138224,0
1412,85382,132496,0
1413,85382,138278,0
1414,85382,138571,0
1415,85383,132496,0
1416,85383,138278,0
1417,85384,132496,0
1418,85129,138597,0
1419,85129,138347,0
1420,85129,138280,0
1421,85129,138591,0
1422,85129,138344,0
1423,85129,138570,0
1424,85129,138650,0
1425,85129,138176,0
1426,85129,138201,0
1427,85129,138070,0
1428,85129,138364,0
1429,85129,138571,0
1430,85129,138562,0
1431,85129,138574,0
1432,85129,138391,0
1433,85129,138409,0
1434,85130,138597,0
1435,85130,138280,0
1436,85130,138570,0
1437,85130,138650,0
1438,85130,138070,0
1439,85130,138364,0
1440,85130,138574,0
1441,85130,138409,0
1442,85131,138597,0
1443,85131,138570,0
1444,85131,138070,0
1445,85131,138409,0
1446,85132,138597,0
1447,85132,138070,0
1448,85133,138070,0
1449,85385,138224,0
1450,85385,138470,0
1451,85385,138278,0
1452,85385,138518,0
1453,85385,138555,0
1454,85385,138596,0
1455,85385,138628,0
1456,85385,138391,0
1457,85385,138574,0
1458,85385,138547,0
1459,85385,138488,0
1460,85385,138624,0
1461,85385,138576,0
1462,85385,138070,0
1463,85385,138347,0
1464,85385,138458,0
1465,85385,138394,0
1466,85385,138571,0
1467,85385,138632,0
1468,85385,138349,0
1469,85385,138515,0
1470,85385,138464,0
1471,85385,138549,0
1472,85385,138297,0
1473,85386,132496,0
1474,85386,138278,0
1475,85386,138518,0
1476,85386,138596,0
1477,85386,138628,0
1478,85386,138574,0
1479,85386,138547,0
1480,85386,36732,0
1481,85386,138404,0
1482,85386,138070,0
1483,85386,138458,0
1484,85386,138597,0
1485,85386,138409,0
1486,85386,138349,0
1487,85386,138549,0
1488,85386,138297,0
1489,85387,132496,0
1490,85387,138518,0
1491,85387,138628,0
1492,85387,138547,0
1493,85387,138404,0
1494,85387,138597,0
1495,85387,138349,0
1496,85387,138549,0
1497,85388,132496,0
1498,85388,138628,0
1499,85388,138597,0
1500,85388,138349,0
1501,85389,138628,0
1502,85389,138597,0
1503,85390,138597,0
1504,85134,132496,0
1505,85134,138494,0
1506,85134,138070,0
1507,85134,138373,0
1508,85134,138486,0
1509,85134,138223,0
1510,85134,138101,0
1511,85134,138509,0
1512,85134,138628,0
1513,85134,138570,0
1514,85134,138571,0
1515,85134,138447,0
1516,85134,138464,0
1517,85134,138425,0
1518,85134,138287,0
1519,85134,138591,0
1520,85135,132496,0
1521,85135,138070,0
1522,85135,138223,0
1523,85135,138101,0
1524,85135,138628,0
1525,85135,138447,0
1526,85135,138464,0
1527,85135,138591,0
1528,85136,132496,0
1529,85136,138101,0
1530,85136,138628,0
1531,85136,138464,0
1532,85137,132496,0
1533,85137,138464,0
1534,85138,132496,0
1535,85139,138628,0
1536,85139,138650,0
1537,85139,138458,0
1538,85139,138506,0
1539,85139,132496,0
1540,85139,138674,0
1541,85139,138353,0
1542,85139,138364,0
1543,85139,138553,0
1544,85139,137683,0
1545,85139,138336,0
1546,85139,138509,0
1547,85139,138549,0
1548,85139,141162,0
1549,85139,138613,0
1550,85139,138522,0
1551,85140,138628,0
1552,85140,138458,0
1553,85140,132496,0
1554,85140,138364,0
1555,85140,137683,0
1556,85140,138509,0
1557,85140,138549,0
1558,85140,138613,0
1559,85141,138458,0
1560,85141,132496,0
1561,85141,138509,0
1562,85141,138549,0
1563,85142,132496,0
1564,85142,138509,0
1565,85143,138509,0
1566,85391,138591,0
1567,85391,138555,0
1568,85391,138603,0
1569,85391,138547,0
1570,85391,138526,0
1571,85391,3942,0
1572,85391,138624,0
1573,85391,138641,0
1574,85391,138549,0
1575,85391,138509,0
1576,85391,138488,0
1577,85391,138666,0
1578,85391,138598,0
1579,85391,138450,0
1580,85391,138597,0
1581,85391,138649,0
1582,85391,138584,0
1583,85391,138297,0
1584,85391,138409,0
1585,85391,138629,0
1586,85391,138522,0
1587,85391,138552,0
1588,85391,138546,0
1589,85391,138518,0
1590,85392,132501,0
1591,85392,138555,0
1592,85392,138547,0
1593,85392,138457,0
1594,85392,138395,0
1595,85392,138549,0
1596,85392,138509,0
1597,85392,138666,0
1598,85392,138598,0
1599,85392,138597,0
1600,85392,138649,0
1601,85392,138297,0
1602,85392,132496,0
1603,85392,138522,0
1604,85392,138552,12
1605,85392,138444,0
1606,85393,132501,0
1607,85393,138457,12
1608,85393,138395,0
1609,85393,138509,0
1610,85393,138597,0
1611,85393,138649,0
1612,85393,138522,0
1613,85393,138444,0
1614,85394,138457,0
1615,85394,138395,0
1616,85394,138597,0
1617,85394,138444,0
1618,85395,138395,0
1619,85395,138597,0
1620,85396,138597,0
1621,85144,36732,0
1622,85144,138613,0
1623,85144,138718,0
1624,85144,138483,0
1625,85144,138447,0
1626,85144,3966,0
1627,85144,138650,0
1628,85144,138364,0
1629,85144,138509,0
1630,85144,138552,0
1631,85144,138404,0
1632,85144,138458,0
1633,85144,138464,0
1634,85144,138223,0
1635,85144,138569,0
1636,85144,138628,0
1637,85145,138613,0
1638,85145,138483,0
1639,85145,138447,0
1640,85145,138364,0
1641,85145,138552,0
1642,85145,138404,0
1643,85145,138464,0
1644,85145,138628,0
1645,85146,138483,0
1646,85146,138364,0
1647,85146,138552,0
1648,85146,138628,0
1649,85147,138483,0
1650,85147,138628,0
1651,85148,138483,0
1652,85397,138675,0
1653,85397,138391,0
1654,85397,138598,0
1655,85397,138450,0
1656,85397,138721,0
1657,85397,138571,0
1658,85397,138515,0
1659,85397,14248,0
1660,85397,138691,0
1661,85397,138597,0
1662,85397,138632,0
1663,85397,138485,0
1664,85397,138651,0
1665,85397,138555,0
1666,85397,138486,0
1667,85397,138547,0
1668,85397,138591,0
1669,85397,138552,0
1670,85397,138666,0
1671,85397,138596,0
1672,85397,138641,0
1673,85397,138599,12
1674,85397,138464,0
1675,85397,138344,0
1676,85398,107464,0
1677,85398,138598,0
1678,85398,138721,0
1679,85398,138353,0
1680,85398,138628,0
1681,85398,14248,0
1682,85398,138632,0
1683,85398,138457,0
1684,85398,138642,0
1685,85398,138555,0
1686,85398,138547,0
1687,85398,138522,0
1688,85398,138509,0
1689,85398,138596,0
1690,85398,138464,0
1691,85398,138344,0
1692,85399,138598,0
1693,85399,138721,0
1694,85399,138628,0
1695,85399,138457,0
1696,85399,138642,0
1697,85399,138522,0
1698,85399,138596,0
1699,85399,138464,0
1700,85400,138721,0
1701,85400,138628,0
1702,85400,138642,0
1703,85400,138596,0
1704,85401,138721,0
1705,85401,138596,0
1706,85402,138721,0
1707,85403,138718,0
1708,85403,138752,0
1709,85403,138699,0
1710,85403,15304,0
1711,85403,138721,0
1712,85403,3966,0
1713,85403,14254,0
1714,85403,138518,0
1715,85403,138666,0
1716,85403,138599,0
1717,85403,138404,0
1718,85403,138594,0
1719,85403,14306,0
1720,85403,138439,0
1721,85403,138457,0
1722,85403,138722,0
1723,85403,138458,0
1724,85403,138597,0
1725,85403,138674,0
1726,85403,138526,0
1727,85403,138596,0
1728,85403,132496,0
1729,85403,138555,0
1730,85403,138425,0
1731,85404,36732,0
1732,85404,138699,0
1733,85404,15304,0
1734,85404,107464,0
1735,85404,14254,0
1736,85404,138666,0
1737,85404,138599,0
1738,85404,138642,0
1739,85404,138522,0
1740,85404,138457,0
1741,85404,138722,0
1742,85404,138597,0
1743,85404,138641,0
1744,85404,138596,0
1745,85404,138555,0
1746,85404,138628,0
1747,85405,138699,0
1748,85405,15304,0
1749,85405,14254,0
1750,85405,138599,0
1751,85405,138457,0
1752,85405,138597,0
1753,85405,138641,0
1754,85405,138628,0
1755,85406,15304,0
1756,85406,14254,0
1757,85406,138597,0
1758,85406,138628,0
1759,85407,15304,0
1760,85407,138597,0
1761,85408,138597,0
1762,85149,138628,0
1763,85149,3966,0
1764,85149,138563,0
1765,85149,132496,0
1766,85149,107464,0
1767,85149,138650,0
1768,85149,138439,0
1769,85149,14254,0
1770,85149,138458,0
1771,85149,138572,0
1772,85149,138364,0
1773,85149,138547,0
1774,85149,138409,0
1775,85149,138630,0
1776,85149,138483,0
1777,85149,36732,12
1778,85150,138628,0
1779,85150,132496,0
1780,85150,107464,0
1781,85150,138439,0
1782,85150,138458,0
1783,85150,138364,0
1784,85150,138409,0
1785,85150,36732,0
1786,85151,138628,0
1787,85151,107464,0
1788,85151,138458,0
1789,85151,138409,0
1790,85152,138628,0
1791,85152,138409,0
1792,85153,138628,0
1793,85409,138522,0
1794,85409,138641,0
1795,85409,138666,0
1796,85409,14254,0
1797,85409,14261,0
1798,85409,138674,12
1799,85409,36732,0
1800,85409,138654,0
1801,85409,138733,0
1802,85409,138367,0
1803,85409,138526,0
1804,85409,138425,0
1805,85409,138555,0
1806,85409,138699,0
1807,85409,14784,0
1808,85409,138457,0
1809,85409,138630,0
1810,85409,138665,0
1811,85409,138404,0
1812,85409,14538,0
1813,85409,15304,12
1814,85409,138395,0
1815,85409,3958,0
1816,85409,138675,0
1817,85410,138522,0
1818,85410,138641,0
1819,85410,14261,0
1820,85410,138547,0
1821,85410,36732,0
1822,85410,138733,0
1823,85410,138526,0
1824,85410,138629,0
1825,85410,15315,0
1826,85410,138699,0
1827,85410,138457,0
1828,85410,138596,0
1829,85410,138599,0
1830,85410,15304,0
1831,85410,138395,0
1832,85410,138618,0
1833,85411,138641,0
1834,85411,14261,0
1835,85411,36732,0
1836,85411,138629,0
1837,85411,15315,0
1838,85411,138596,0
1839,85411,15304,0
1840,85411,138395,0
1841,85412,138641,0
1842,85412,138629,0
1843,85412,138596,0
1844,85412,15304,12
1845,85413,138641,12
1846,85413,138596,0
1847,85414,138641,12
1848,85154,138409,0
1849,85154,138458,0
1850,85154,138365,0
1851,85154,138425,0
1852,85154,138547,0
1853,85154,14254,0
1854,85154,138696,0
1855,85154,138464,0
1856,85154,138630,0
1857,85154,3991,0
1858,85154,138650,0
1859,85154,14248,0
1860,85154,138707,0
1861,85154,138546,0
1862,85154,138603,0
1863,85154,138628,0
1864,85155,138458,0
1865,85155,138365,0
1866,85155,138547,0
1867,85155,138464,0
1868,85155,3991,13
1869,85155,138650,0
1870,85155,138707,0
1871,85155,138628,0
1872,85156,138458,0
1873,85156,138464,0
1874,85156,3991,0
1875,85156,138628,0
1876,85157,138464,0
1877,85157,138628,0
1878,85158,138628,0
1879,85415,138699,0
1880,85415,3958,0
1881,85415,138509,0
1882,85415,138590,0
1883,85415,138702,0
1884,85415,138760,0
1885,85415,138719,0
1886,85415,14334,0
1887,85415,14261,0
1888,85415,138526,0
1889,85415,138665,0
1890,85415,14659,0
1891,85415,138599,0
1892,85415,138738,0
1893,85415,14254,0
1894,85415,138522,0
1895,85415,138674,0
1896,85415,138666,0
1897,85415,138732,0
1898,85415,138555,0
1899,85415,3967,0
1900,85415,14251,0
1901,85415,138651,0
1902,85415,141172,0
1903,85416,138699,0
1904,85416,3958,0
1905,85416,138702,0
1906,85416,138760,0
1907,85416,14784,0
1908,85416,14334,0
1909,85416,138526,0
1910,85416,14659,0
1911,85416,138599,0
1912,85416,14254,0
1913,85416,138522,0
1914,85416,138642,0
1915,85416,15315,0
1916,85416,3967,0
1917,85416,138651,0
1918,85416,14248,0
1919,85417,3958,0
1920,85417,138760,0
1921,85417,14784,0
1922,85417,14659,0
1923,85417,14254,0
1924,85417,138642,0
1925,85417,15315,0
1926,85417,14248,0
1927,85418,3958,0
1928,85418,14659,0
1929,85418,138642,0
1930,85418,14248,0
1931,85419,14659,0
1932,85419,138642,0
1933,85420,138642,0
1934,85159,138584,0
1935,85159,138546,0
1936,85159,138364,0
1937,85159,3966,0
1938,85159,138552,0
1939,85159,138702,0
1940,85159,3989,0
1941,85159,138365,0
1942,85159,14254,0
1943,85159,138650,0
1944,85159,14931,0
1945,85159,138483,0
1946,85159,138674,0
1947,85159,14762,0
1948,85159,138603,0
1949,85159,14248,0
1950,85160,138546,0
1951,85160,3966,0
1952,85160,138552,13
1953,85160,138365,0
1954,85160,14254,0
1955,85160,138483,0
1956,85160,138674,0
1957,85160,14248,0
1958,85161,3966,0
1959,85161,138552,0
1960,85161,138483,0
1961,85161,14248,0
1962,85162,3966,0
1963,85162,138483,0
1964,85163,3966,0
1965,85164,138628,0
1966,85164,14762,0
1967,85164,138764,0
1968,85164,138630,0
1969,85164,3958,0
1970,85164,14248,0
1971,85164,138603,0
1972,85164,3952,0
1973,85164,138597,0
1974,85164,138367,0
1975,85164,3992,0
1976,85164,138464,0
1977,85164,138584,0
1978,85164,138547,0
1979,85164,15259,0
1980,85164,3966,0
1981,85165,138628,0
1982,85165,138630,0
1983,85165,3958,0
1984,85165,138603,0
1985,85165,138367,0
1986,85165,3992,0
1987,85165,138547,0
1988,85165,3966,0
1989,85166,138628,0
1990,85166,138603,0
1991,85166,138367,0
1992,85166,138547,0
1993,85167,138603,0
1994,85167,138547,0
1995,85168,138603,0
1996,85421,138444,0
1997,85421,138760,0
1998,85421,14342,0
1999,85421,14250,0
2000,85421,3940,0
2001,85421,14659,0
2002,85421,138685,0
2003,85421,14784,0
2004,85421,138707,0
2005,85421,3967,0
2006,85421,14306,0
2007,85421,14348,0
2008,85421,138522,0
2009,85421,138425,0
2010,85421,14263,0
2011,85421,15315,0
2012,85421,138509,0
2013,85421,138569,0
2014,85421,15304,0
2015,85421,14251,0
2016,85421,138597,0
2017,85421,138732,0
2018,85421,3943,0
2019,85421,138486,0
2020,85421,138586,0
2021,85421,138526,0
2022,85421,138510,0
2023,85421,138596,0
2024,85421,27665,0
2025,85421,138642,0
2026,85421,14334,0
2027,85421,138674,0
2028,85422,138760,0
2029,85422,14342,0
2030,85422,14659,0
2031,85422,14784,0
2032,85422,138707,0
2033,85422,14348,0
2034,85422,138522,0
2035,85422,15315,0
2036,85422,138509,0
2037,85422,14251,0
2038,85422,138597,0
2039,85422,138486,0
2040,85422,138526,0
2041,85422,138596,0
2042,85422,138642,0
2043,85422,14334,0
2044,85423,14342,0
2045,85423,14659,0
2046,85423,138707,0
2047,85423,15315,0
2048,85423,14251,0
2049,85423,138486,0
2050,85423,138526,0
2051,85423,138642,0
2052,85424,14342,0
2053,85424,15315,0
2054,85424,14251,0
2055,85424,138642,0
2056,85425,15315,0
2057,85425,14251,0
2058,85426,15315,0
2059,85427,3943,0
2060,85427,3991,0
2061,85427,138642,0
2062,85427,138732,0
2063,85427,138596,0
2064,85427,3958,0
2065,85427,14340,0
2066,85427,14250,0
2067,85427,132501,0
2068,85427,14261,0
2069,85427,3966,0
2070,85427,138510,0
2071,85427,14538,0
2072,85427,138641,0
2073,85427,138486,0
2074,85427,138630,0
2075,85427,138707,0
2076,85427,15259,0
2077,85427,3935,0
2078,85427,14263,0
2079,85427,14254,0
2080,85427,138699,0
2081,85427,14306,0
2082,85427,138754,0
2083,85427,3940,0
2084,85427,14364,0
2085,85427,138684,0
2086,85427,14794,0
2087,85427,138719,0
2088,85427,138367,0
2089,85427,14761,0
2090,85427,14251,0
2091,85428,3991,0
2092,85428,138732,0
2093,85428,3958,0
2094,85428,14250,0
2095,85428,14261,0
2096,85428,3966,0
2097,85428,138641,12
2098,85428,138630,0
2099,85428,15259,0
2100,85428,14263,0
2101,85428,138699,0
2102,85428,14306,0
2103,85428,3940,0
2104,85428,138684,0
2105,85428,138719,0
2106,85428,14761,0
2107,85429,3991,0
2108,85429,14250,0
2109,85429,14261,0
2110,85429,138641,0
2111,85429,15259,0
2112,85429,14306,0
2113,85429,3940,0
2114,85429,138719,0
2115,85430,14250,0
2116,85430,138641,0
2117,85430,15259,0
2118,85430,3940,0
2119,85431,14250,0
2120,85431,15259,0
2121,85432,15259,0
2122,85169,138628,0
2123,85169,3967,0
2124,85169,138630,0
2125,85169,14254,0
2126,85169,3966,0
2127,85169,3989,0
2128,85169,138464,0
2129,85169,3991,0
2130,85169,138685,0
2131,85169,14794,0
2132,85169,14261,0
2133,85169,14263,0
2134,85169,3992,0
2135,85169,138603,0
2136,85169,14342,0
2137,85169,138584,0
2138,85170,138628,0
2139,85170,138630,0
2140,85170,3989,0
2141,85170,3991,0
2142,85170,14794,0
2143,85170,14261,0
2144,85170,3992,0
2145,85170,138584,0
2146,85171,138628,0
2147,85171,3991,0
2148,85171,14261,0
2149,85171,138584,0
2150,85172,3991,0
2151,85172,14261,0
2152,85173,3991,0
2153,85174,138628,0
2154,85174,138781,12
2155,85174,14538,12
2156,85174,3967,0
2157,85174,3991,0
2158,85174,3952,0
2159,85174,138614,0
2160,85174,14867,0
2161,85174,14273,0
2162,85174,138800,0
2163,85174,3966,0
2164,85174,138444,0
2165,85174,3978,0
2166,85174,14342,0
2167,85174,138603,0
2168,85174,3992,0
2169,85175,138628,0
2170,85175,14538,0
2171,85175,3991,0
2172,85175,138614,0
2173,85175,138800,0
2174,85175,3966,0
2175,85175,3978,0
2176,85175,3992,0
2177,85176,138628,0
2178,85176,138614,0
2179,85176,3966,0
2180,85176,3992,0
2181,85177,138628,0
2182,85177,3966,0
2183,85178,138628,0
2184,85433,3940,0
2185,85433,14346,0
2186,85433,15304,0
2187,85433,138702,0
2188,85433,138798,0
2189,85433,14255,0
2190,85433,14306,0
2191,85433,14251,0
2192,85433,138641,0
2193,85433,14273,0
2194,85433,138522,0
2195,85433,14348,0
2196,85433,14263,0
2197,85433,3988,0
2198,85433,138674,0
2199,85433,14254,0
2200,85433,3991,0
2201,85433,14659,0
2202,85433,14248,0
2203,85433,3943,0
2204,85433,14242,0
2205,85433,3967,0
2206,85433,138763,0
2207,85433,138596,0
2208,85433,14784,0
2209,85433,138651,0
2210,85433,14538,12
2211,85433,3992,0
2212,85433,3936,0
2213,85433,3948,0
2214,85433,14342,0
2215,85433,15315,0
2216,85434,3940,0
2217,85434,138702,0
2218,85434,14255,0
2219,85434,14251,0
2220,85434,14273,0
2221,85434,14348,0
2222,85434,3988,0
2223,85434,14254,0
2224,85434,14659,0
2225,85434,3943,0
2226,85434,14242,0
2227,85434,138763,0
2228,85434,138651,0
2229,85434,3992,0
2230,85434,3936,0
2231,85434,15315,0
2232,85435,3940,0
2233,85435,14251,0
2234,85435,14273,0
2235,85435,3988,0
2236,85435,3943,0
2237,85435,138763,0
2238,85435,3992,0
2239,85435,15315,0
2240,85436,14251,0
2241,85436,3988,0
2242,85436,3943,0
2243,85436,3992,0
2244,85437,14251,12
2245,85437,3992,0
2246,85438,3992,0
2247,85439,3940,0
2248,85439,3963,0
2249,85439,15304,0
2250,85439,3948,0
2251,85439,3967,0
2252,85439,14794,0
2253,85439,14743,0
2254,85439,3937,0
2255,85439,14242,0
2256,85439,3935,0
2257,85439,14659,0
2258,85439,3988,0
2259,85439,15315,0
2260,85439,3979,0
2261,85439,138522,0
2262,85439,14246,0
2263,85439,3978,0
2264,85439,14410,0
2265,85439,3960,0
2266,85439,14739,0
2267,85439,14371,0
2268,85439,138656,0
2269,85439,138698,0
2270,85439,3992,0
2271,85439,138641,0
2272,85439,3945,0
2273,85439,14784,0
2274,85439,14263,0
2275,85439,14761,0
2276,85439,138798,0
2277,85439,3987,0
2278,85439,14248,0
2279,85440,3940,0
2280,85440,3948,0
2281,85440,3967,0
2282,85440,3937,0
2283,85440,3935,0
2284,85440,14659,0
2285,85440,15315,0
2286,85440,138522,0
2287,85440,3978,0
2288,85440,14739,0
2289,85440,138656,0
2290,85440,3992,0
2291,85440,3945,0
2292,85440,14784,0
2293,85440,14761,0
2294,85440,3987,0
2295,85441,3948,0
2296,85441,3937,0
2297,85441,3935,0
2298,85441,138522,0
2299,85441,14739,0
2300,85441,138656,0
2301,85441,3945,0
2302,85441,14761,0
2303,85442,3937,0
2304,85442,3935,0
2305,85442,14739,0
2306,85442,14761,0
2307,85443,3935,0
2308,85443,14739,0
2309,85444,14739,0
2310,85179,3992,0
2311,85179,14364,0
2312,85179,14794,0
2313,85179,14348,0
2314,85179,138702,0
2315,85179,14273,0
2316,85179,3989,0
2317,85179,3978,12
2318,85179,3963,0
2319,85179,3952,0
2320,85179,14261,0
2321,85179,138629,0
2322,85179,14246,0
2323,85179,3966,0
2324,85179,3957,12
2325,85179,3967,0
2326,85180,3992,0
2327,85180,14348,0
2328,85180,138702,0
2329,85180,3978,0
2330,85180,3963,0
2331,85180,138629,0
2332,85180,3966,0
2333,85180,3957,0
2334,85181,3992,0
2335,85181,3978,0
2336,85181,3963,0
2337,85181,3966,0
2338,85182,3992,0
2339,85182,3966,0
2340,85183,3992,0
2341,85184,3992,0
2342,85184,3978,0
2343,85184,3963,0
2344,85184,138800,0
2345,85184,138702,0
2346,85184,27435,0
2347,85184,138614,0
2348,85184,14254,0
2349,85184,14252,0
2350,85184,138698,0
2351,85184,3972,0
2352,85184,14244,0
2353,85184,3989,0
2354,85184,3966,0
2355,85184,14933,0
2356,85184,3967,0
2357,85185,3992,0
2358,85185,3963,0
2359,85185,138702,0
2360,85185,14254,0
2361,85185,14252,0
2362,85185,14244,0
2363,85185,3966,0
2364,85185,3967,0
2365,85186,3992,0
2366,85186,138702,0
2367,85186,14252,0
2368,85186,3967,0
2369,85187,3992,0
2370,85187,14252,0
2371,85188,3992,0
2372,85445,3992,0
2373,85445,3958,0
2374,85445,38512,0
2375,85445,3948,0
2376,85445,14933,0
2377,85445,14244,0
2378,85445,14306,0
2379,85445,14248,0
2380,85445,3940,0
2381,85445,14254,12
2382,85445,14854,0
2383,85445,14293,12
2384,85445,138808,0
2385,85445,14950,0
2386,85445,138698,0
2387,85445,14251,0
2388,85445,14784,0
2389,85445,14342,0
2390,85445,3975,0
2391,85445,3952,0
2392,85445,14403,0
2393,85445,15259,0
2394,85445,3978,0
2395,85445,14794,0
2396,85445,3985,0
2397,85445,3982,0
2398,85445,138641,0
2399,85445,3945,0
2400,85445,3988,0
2401,85445,14659,0
2402,85445,14272,0
2403,85445,14739,0
2404,85446,3992,0
2405,85446,3948,0
2406,85446,14244,0
2407,85446,14248,0
2408,85446,3940,0
2409,85446,14854,0
2410,85446,138808,0
2411,85446,14251,0
2412,85446,14342,0
2413,85446,3952,0
2414,85446,14403,0
2415,85446,3978,0
2416,85446,3985,0
2417,85446,138641,0
2418,85446,3988,0
2419,85446,14739,0
2420,85447,3992,0
2421,85447,14248,0
2422,85447,3940,0
2423,85447,138808,0
2424,85447,3952,0
2425,85447,3978,0
2426,85447,3985,0
2427,85447,14739,0
2428,85448,3992,0
2429,85448,3940,0
2430,85448,3952,0
2431,85448,14739,0
2432,85449,3992,0
2433,85449,14739,0
2434,85450,3992,0
2435,85451,3992,0
2436,85451,3954,0
2437,85451,15315,0
2438,85451,3988,0
2439,85451,14739,0
2440,85451,3978,0
2441,85451,14247,0
2442,85451,3948,0
2443,85451,14251,0
2444,85451,14250,0
2445,85451,14334,0
2446,85451,3979,0
2447,85451,14263,0
2448,85451,3966,0
2449,85451,14321,0
2450,85451,14246,0
2451,85451,14784,0
2452,85451,138618,0
2453,85451,14255,0
2454,85451,3990,0
2455,85451,3952,0
2456,85451,14299,0
2457,85451,138641,0
2458,85451,14761,0
2459,85451,3938,0
2460,85451,138702,0
2461,85451,3972,0
2462,85451,3936,0
2463,85451,3957,0
2464,85451,3982,0
2465,85451,14243,12
2466,85451,3949,0
2467,85452,3992,0
2468,85452,3988,0
2469,85452,14739,0
2470,85452,14247,0
2471,85452,14250,0
2472,85452,3979,0
2473,85452,14263,0
2474,85452,14321,0
2475,85452,14784,0
2476,85452,14255,0
2477,85452,14299,0
2478,85452,14761,0
2479,85452,138702,0
2480,85452,3972,0
2481,85452,3982,0
2482,85452,14243,0
2483,85453,3992,0
2484,85453,14739,0
2485,85453,3979,0
2486,85453,14321,0
2487,85453,14255,0
2488,85453,14299,0
2489,85453,3972,0
2490,85453,14243,0
2491,85454,3992,0
2492,85454,3979,0
2493,85454,14299,0
2494,85454,14243,0
2495,85455,3992,0
2496,85455,14243,0
2497,85456,3992,0
2498,85189,3992,0
2499,85189,14403,0
2500,85189,41678,0
2501,85189,3968,0
2502,85189,14873,0
2503,85189,14250,0
2504,85189,138808,0
2505,85189,14254,0
2506,85189,3967,0
2507,85189,14436,0
2508,85189,33763,0
2509,85189,3936,0
2510,85189,14246,0
2511,85189,3945,0
2512,85189,14261,0
2513,85189,14251,0
2514,85190,3992,0
2515,85190,3968,0
2516,85190,14250,0
2517,85190,14254,0
2518,85190,3967,0
2519,85190,3936,0
2520,85190,3945,0
2521,85190,14251,12
2522,85191,3992,0
2523,85191,14254,0
2524,85191,3936,0
2525,85191,14251,0
2526,85192,3992,0
2527,85192,14251,0
2528,85193,3992,0
2529,85194,3992,0
2530,85194,14243,0
2531,85194,14251,0
2532,85194,3945,0
2533,85194,14342,0
2534,85194,3990,0
2535,85194,3972,0
2536,85194,14254,0
2537,85194,14308,0
2538,85194,27435,0
2539,85194,14403,0
2540,85194,3960,0
2541,85194,3954,0
2542,85194,138702,0
2543,85194,14261,0
2544,85194,3963,0
2545,85195,3992,0
2546,85195,3945,0
2547,85195,3990,0
2548,85195,14254,0
2549,85195,14308,0
2550,85195,14403,0
2551,85195,3954,0
2552,85195,14261,0
2553,85196,3992,0
2554,85196,14254,0
2555,85196,14308,0
2556,85196,3954,0
2557,85197,3992,0
2558,85197,3954,0
2559,85198,3992,0
2560,85457,3967,0
2561,85457,14250,0
2562,85457,14854,0
2563,85457,3985,0
2564,85457,138818,0
2565,85457,14308,0
2566,85457,14268,0
2567,85457,3988,0
2568,85457,3979,0
2569,85457,3972,0
2570,85457,14299,0
2571,85457,3960,0
2572,85457,14247,0
2573,85457,14265,0
2574,85457,3969,0
2575,85457,3999,0
2576,85457,3948,0
2577,85457,3982,0
2578,85457,14244,0
2579,85457,3980,0
2580,85457,14263,0
2581,85457,14321,0
2582,85457,14258,0
2583,85457,3952,0
2584,85457,14761,0
2585,85457,3964,0
2586,85457,3943,0
2587,85457,3966,0
2588,85457,3957,12
2589,85457,14346,0
2590,85457,3938,12
2591,85457,3990,12
2592,85458,14250,0
2593,85458,3985,0
2594,85458,138818,0
2595,85458,3988,0
2596,85458,3979,0
2597,85458,3960,0
2598,85458,14247,0
2599,85458,3999,0
2600,85458,3948,0
2601,85458,14244,0
2602,85458,14263,0
2603,85458,14258,0
2604,85458,3964,0
2605,85458,3943,0
2606,85458,3957,0
2607,85458,3990,0
2608,85459,3985,0
2609,85459,3988,0
2610,85459,3979,0
2611,85459,14247,0
2612,85459,14244,0
2613,85459,14258,0
2614,85459,3943,0
2615,85459,3957,0
2616,85460,3988,0
2617,85460,14247,0
2618,85460,14258,0
2619,85460,3957,0
2620,85461,3988,0
2621,85461,3957,0
2622,85462,3988,0
2623,85199,14342,0
2624,85199,3960,0
2625,85199,14295,0
2626,85199,14256,0
2627,85199,3954,0
2628,85199,14261,0
2629,85199,14336,0
2630,85199,3978,0
2631,85199,138857,0
2632,85199,3968,0
2633,85199,14271,0
2634,85199,3999,0
2635,85199,14249,0
2636,85199,3990,0
2637,85199,14403,0
2638,85199,3979,0
2639,85200,3960,0
2640,85200,14256,0
2641,85200,3954,0
2642,85200,3978,0
2643,85200,3968,0
2644,85200,3999,0
2645,85200,14249,0
2646,85200,14403,0
2647,85201,3960,12
2648,85201,3954,13
2649,85201,3968,0
2650,85201,14249,0
2651,85202,3954,0
2652,85202,14249,0
2653,85203,3954,0
2654,85463,3938,0
2655,85463,14251,0
2656,85463,14250,0
2657,85463,3985,0
2658,85463,3990,0
2659,85463,14268,0
2660,85463,14257,0
2661,85463,3960,0
2662,85463,14403,0
2663,85463,3954,0
2664,85463,14248,0
2665,85463,3963,0
2666,85463,3986,0
2667,85463,14258,0
2668,85463,14321,12
2669,85463,3940,0
2670,85463,14255,0
2671,85463,3964,0
2672,85463,138818,0
2673,85463,138808,0
2674,85463,14243,0
2675,85463,3968,0
2676,85463,3977,12
2677,85463,14293,0
2678,85464,3992,0
2679,85464,14250,0
2680,85464,3985,0
2681,85464,3952,0
2682,85464,3980,0
2683,85464,3960,0
2684,85464,14248,0
2685,85464,3999,0
2686,85464,3986,0
2687,85464,14258,0
2688,85464,3940,0
2689,85464,3979,0
2690,85464,3948,0
2691,85464,138808,0
2692,85464,3977,0
2693,85464,3987,0
2694,85465,3992,0
2695,85465,3985,0
2696,85465,3980,0
2697,85465,14248,0
2698,85465,3986,0
2699,85465,3940,0
2700,85465,3948,0
2701,85465,3987,0
2702,85466,3992,0
2703,85466,14248,0
2704,85466,3940,0
2705,85466,3987,0
2706,85467,3992,0
2707,85467,3987,0
2708,85468,3992,0
2709,85204,3992,0
2710,85204,14532,0
2711,85204,14261,0
2712,85204,14249,0
2713,85204,3978,0
2714,85204,3966,0
2715,85204,3944,0
2716,85204,3965,0
2717,85204,14254,0
2718,85204,3968,0
2719,85204,3990,0
2720,85204,3954,0
2721,85204,14277,0
2722,85204,14297,0
2723,85204,14295,0
2724,85204,3999,0
2725,85205,3992,0
2726,85205,14249,0
2727,85205,3966,0
2728,85205,3965,0
2729,85205,3968,0
2730,85205,3990,0
2731,85205,14297,0
2732,85205,3999,0
2733,85206,3992,0
2734,85206,3966,12
2735,85206,3968,0
2736,85206,3999,0
2737,85207,3992,0
2738,85207,3968,0
2739,85208,3992,0
2740,85469,3960,0
2741,85469,3990,0
2742,85469,14245,0
2743,85469,14244,0
2744,85469,3965,0
2745,85469,3956,0
2746,85469,3952,0
2747,85469,3993,0
2748,85469,3966,0
2749,85469,3938,12
2750,85469,3971,0
2751,85469,3972,0
2752,85469,3981,0
2753,85469,14262,0
2754,85469,14258,12
2755,85469,3988,0
2756,85469,3951,0
2757,85469,14255,0
2758,85469,14251,0
2759,85469,3945,0
2760,85469,14248,0
2761,85469,3969,0
2762,85469,3964,0
2763,85469,3970,12
2764,85470,3992,0
2765,85470,3990,0
2766,85470,14244,0
2767,85470,3985,0
2768,85470,3979,0
2769,85470,3966,0
2770,85470,3938,0
2771,85470,3972,0
2772,85470,3981,0
2773,85470,14262,0
2774,85470,3951,0
2775,85470,3980,0
2776,85470,14251,0
2777,85470,14248,0
2778,85470,3969,0
2779,85470,3987,0
2780,85471,3992,0
2781,85471,14244,0
2782,85471,3966,0
2783,85471,3972,0
2784,85471,14262,0
2785,85471,3980,0
2786,85471,14248,0
2787,85471,3987,0
2788,85472,3992,0
2789,85472,3972,0
2790,85472,3980,0
2791,85472,3987,0
2792,85473,3992,0
2793,85473,3987,0
2794,85474,3987,0
2795,85209,14354,0
2796,85209,14297,0
2797,85209,3968,0
2798,85209,3976,0
2799,85209,14245,0
2800,85209,14254,0
2801,85209,14277,0
2802,85209,3954,0
2803,85209,3967,0
2804,85209,14295,0
2805,85209,3945,0
2806,85209,14302,0
2807,85209,138808,0
2808,85209,3966,0
2809,85209,14268,0
2810,85209,3980,0
2811,85210,14297,0
2812,85210,3968,0
2813,85210,14254,0
2814,85210,14277,0
2815,85210,14295,0
2816,85210,3945,0
2817,85210,138808,12
2818,85210,3980,0
2819,85211,3968,0
2820,85211,14254,0
2821,85211,3945,0
2822,85211,3980,0
2823,85212,14254,0
2824,85212,3980,0
2825,85213,14254,0
2826,85349,14432,0
2827,85349,14396,0
2828,85349,14288,0
2829,85349,14265,0
2830,85349,14266,0
2831,85349,14259,0
2832,85349,14318,0
2833,85349,3970,0
2834,85349,14403,0
2835,85349,3938,0
2836,85349,14413,0
2837,85349,14285,0
2838,85349,14257,0
2839,85349,14309,0
2840,85349,14297,0
2841,85349,14302,0
2842,85350,14432,0
2843,85350,138818,0
2844,85350,14274,0
2845,85350,14265,0
2846,85350,3990,0
2847,85350,3986,0
2848,85350,14318,0
2849,85350,3968,0
2850,85350,3985,0
2851,85350,3938,12
2852,85350,14413,0
2853,85350,14285,0
2854,85350,14257,0
2855,85350,3975,0
2856,85350,14284,0
2857,85350,3979,0
2858,85351,138818,0
2859,85351,14274,0
2860,85351,3986,0
2861,85351,14318,0
2862,85351,3985,0
2863,85351,14413,0
2864,85351,3975,0
2865,85351,3979,0
2866,85352,138818,12
2867,85352,14318,0
2868,85352,3985,0
2869,85352,3979,0
2870,85353,138818,0
2871,85353,3979,0
2872,85354,3979,0
2873,85214,3992,0
2874,85214,14301,0
2875,85214,27435,0
2876,85214,3968,0
2877,85214,14369,0
2878,85214,14354,0
2879,85214,14274,0
2880,85214,14302,0
2881,85214,3940,0
2882,85214,14421,0
2883,85214,14297,0
2884,85214,3966,0
2885,85214,138808,0
2886,85214,14277,0
2887,85214,14295,0
2888,85214,3979,0
2889,9476,3992,0
2890,9476,3968,0
2891,9476,14354,0
2892,9476,14302,0
2893,9476,3940,0
2894,9476,14297,0
2895,9476,14277,0
2896,9476,14295,0
2897,9497,3992,0
2898,9497,14302,0
2899,9497,3940,0
2900,9497,14295,0
2901,9505,3992,0
2902,9505,3940,0
2903,9511,3940,0
2904,85355,14268,0
2905,85355,14339,0
2906,85355,14539,0
2907,85355,14330,0
2908,85355,14287,0
2909,85355,14403,0
2910,85355,3960,0
2911,85355,14703,0
2912,85355,14396,0
2913,85355,3970,0
2914,85355,14284,0
2915,85355,14260,0
2916,85355,3971,0
2917,85355,14255,0
2918,85355,3972,0
2919,85355,14266,0
2920,85356,3979,0
2921,85356,14339,0
2922,85356,14539,0
2923,85356,14330,0
2924,85356,14287,0
2925,85356,14403,0
2926,85356,3960,0
2927,85356,14250,0
2928,85356,14396,0
2929,85356,3970,0
2930,85356,14284,0
2931,85356,138808,0
2932,85356,3946,0
2933,85356,3968,0
2934,85356,3972,0
2935,85356,14266,0
2936,19323,14339,0
2937,19323,14330,0
2938,19323,14403,0
2939,19323,14250,0
2940,19323,3970,0
2941,19323,138808,0
2942,19323,3946,0
2943,19323,3972,0
2944,19345,14339,0
2945,19345,14403,0
2946,19345,138808,0
2947,19345,3972,0
2948,19352,14339,0
2949,19352,138808,0
2950,19357,14339,0
